"Gene","Non-unique Gene name","Annotation","No. isolates","No. sequences","Avg sequences per isolate","Genome Fragment","Order within Fragment","Accessory Fragment","Accessory Order with Fragment","QC","Min group size nuc","Max group size nuc","Avg group size nuc","P1","P2","P3","P4","P5","P6"
"group_109","","hypothetical protein","3","3","1","1","140","1","138","","899","899","899","","","","EMGNCNAK_00007","BKMLJBJG_00002","HMGNIGBJ_00002"
"group_110","","hypothetical protein","3","3","1","1","138","1","139","","863","863","863","","","","EMGNCNAK_00008","BKMLJBJG_00003","HMGNIGBJ_00003"
"group_113","","hypothetical protein","3","3","1","1","134","1","144","","614","614","614","","","","EMGNCNAK_00012","BKMLJBJG_00006","HMGNIGBJ_00006"
"group_114","","DnaQ-like exonuclease","3","3","1","1","131","1","131","","572","572","572","","","","EMGNCNAK_00014","BKMLJBJG_00008","HMGNIGBJ_00008"
"group_115","","hypothetical protein","3","3","1","1","130","1","130","","254","254","254","","","","EMGNCNAK_00015","BKMLJBJG_00009","HMGNIGBJ_00009"
"group_116","","WhiB family transcription factor","3","3","1","1","129","1","129","","785","785","785","","","","EMGNCNAK_00016","BKMLJBJG_00010","HMGNIGBJ_00010"
"group_117","","hypothetical protein","3","3","1","1","128","1","128","","212","212","212","","","","EMGNCNAK_00017","BKMLJBJG_00011","HMGNIGBJ_00011"
"group_118","","hypothetical protein","3","3","1","1","127","1","127","","185","185","185","","","","EMGNCNAK_00018","BKMLJBJG_00012","HMGNIGBJ_00012"
"group_120","","hypothetical protein","3","3","1","1","122","1","120","","365","365","365","","","","EMGNCNAK_00023","BKMLJBJG_00018","HMGNIGBJ_00018"
"group_121","","hypothetical protein","3","3","1","1","121","1","119","","824","824","824","","","","EMGNCNAK_00024","BKMLJBJG_00019","HMGNIGBJ_00019"
"group_122","","hypothetical protein","3","3","1","1","120","1","118","","374","374","374","","","","EMGNCNAK_00025","BKMLJBJG_00020","HMGNIGBJ_00020"
"group_130","","hypothetical protein","3","3","1","1","103","1","104","","416","416","416","","","","EMGNCNAK_00037","BKMLJBJG_00030","HMGNIGBJ_00030"
"group_132","","hypothetical protein","3","3","1","1","101","1","101","","383","383","383","","","","EMGNCNAK_00039","BKMLJBJG_00032","HMGNIGBJ_00032"
"group_134","","hypothetical protein","3","3","1","1","96","1","97","","317","317","317","","","","EMGNCNAK_00043","BKMLJBJG_00036","HMGNIGBJ_00036"
"group_135","","hypothetical protein","3","3","1","1","92","1","93","","1037","1037","1037","","","","EMGNCNAK_00047","BKMLJBJG_00040","HMGNIGBJ_00040"
"group_136","","hypothetical protein","3","3","1","1","91","1","92","","353","353","353","","","","EMGNCNAK_00048","BKMLJBJG_00041","HMGNIGBJ_00041"
"group_137","","hypothetical protein","3","3","1","1","90","1","91","","425","428","426","","","","EMGNCNAK_00049","BKMLJBJG_00042","HMGNIGBJ_00042"
"group_138","","hypothetical protein","3","3","1","1","89","1","90","","344","344","344","","","","EMGNCNAK_00050","BKMLJBJG_00043","HMGNIGBJ_00043"
"group_14","","hypothetical protein","3","3","1","1","136","1","141","","323","323","323","","","","EMGNCNAK_00010","BKMLJBJG_00004","HMGNIGBJ_00004"
"group_144","","Ro protein","3","3","1","1","79","1","80","","1715","1715","1715","","","","EMGNCNAK_00059","BKMLJBJG_00049","HMGNIGBJ_00049"
"group_145","","hypothetical protein","3","3","1","1","78","1","79","","230","230","230","","","","EMGNCNAK_00060","BKMLJBJG_00050","HMGNIGBJ_00050"
"group_15","","hypothetical protein","3","3","1","1","132","1","145","","299","299","299","","","","EMGNCNAK_00013","BKMLJBJG_00007","HMGNIGBJ_00007"
"group_155","","hypothetical protein","3","3","1","1","56","1","67","","329","329","329","","","","EMGNCNAK_00072","BKMLJBJG_00064","HMGNIGBJ_00064"
"group_156","","hypothetical protein","3","3","1","1","55","1","66","","305","305","305","","","","EMGNCNAK_00073","BKMLJBJG_00065","HMGNIGBJ_00065"
"group_157","","hypothetical protein","3","3","1","1","53","1","64","","482","482","482","","","","EMGNCNAK_00075","BKMLJBJG_00067","HMGNIGBJ_00067"
"group_158","","hypothetical protein","3","3","1","1","50","1","61","","443","443","443","","","","EMGNCNAK_00078","BKMLJBJG_00070","HMGNIGBJ_00070"
"group_16","","HNH endonuclease","3","3","1","1","126","1","126","","350","350","350","","","","EMGNCNAK_00019","BKMLJBJG_00013","HMGNIGBJ_00013"
"group_160","","hypothetical protein","3","3","1","1","47","1","58","","224","224","224","","","","EMGNCNAK_00081","BKMLJBJG_00073","HMGNIGBJ_00073"
"group_161","","hypothetical protein","3","3","1","1","46","1","57","","752","752","752","","","","EMGNCNAK_00082","BKMLJBJG_00074","HMGNIGBJ_00074"
"group_162","","hypothetical protein","3","3","1","1","45","1","56","","1508","1508","1508","","","","EMGNCNAK_00083","BKMLJBJG_00075","HMGNIGBJ_00075"
"group_163","","hypothetical protein","3","3","1","1","44","1","55","","449","449","449","","","","EMGNCNAK_00084","BKMLJBJG_00076","HMGNIGBJ_00076"
"group_164","","terminase","3","3","1","1","43","1","54","","1610","1610","1610","","","","EMGNCNAK_00085","BKMLJBJG_00077","HMGNIGBJ_00077"
"group_165","","portal protein","3","3","1","1","42","1","53","","1307","1307","1307","","","","EMGNCNAK_00086","BKMLJBJG_00078","HMGNIGBJ_00078"
"group_166","","hypothetical protein","3","3","1","1","39","1","50","","341","341","341","","","","EMGNCNAK_00089","BKMLJBJG_00081","HMGNIGBJ_00081"
"group_167","","head-to-tail adaptor","3","3","1","1","38","1","49","","554","554","554","","","","EMGNCNAK_00090","BKMLJBJG_00082","HMGNIGBJ_00082"
"group_168","","head-to-tail stopper","3","3","1","1","37","1","48","","377","377","377","","","","EMGNCNAK_00091","BKMLJBJG_00083","HMGNIGBJ_00083"
"group_169","","hypothetical protein","3","3","1","1","36","1","47","","248","248","248","","","","EMGNCNAK_00092","BKMLJBJG_00084","HMGNIGBJ_00084"
"group_17","","RecE-like exonuclease","3","3","1","1","125","1","124","","899","899","899","","","","EMGNCNAK_00020","BKMLJBJG_00015","HMGNIGBJ_00015"
"group_170","","tail terminator","3","3","1","1","35","1","46","","437","437","437","","","","EMGNCNAK_00093","BKMLJBJG_00085","HMGNIGBJ_00085"
"group_171","","major tail protein","3","3","1","1","34","1","45","","581","581","581","","","","EMGNCNAK_00094","BKMLJBJG_00086","HMGNIGBJ_00086"
"group_172","","tail assembly chaperone","3","3","1","1","33","1","44","","398","398","398","","","","EMGNCNAK_00095","BKMLJBJG_00087","HMGNIGBJ_00087"
"group_173","","tail assembly chaperone","3","3","1","1","32","1","43","","314","314","314","","","","EMGNCNAK_00096","BKMLJBJG_00088","HMGNIGBJ_00088"
"group_174","","minor tail protein","3","3","1","1","30","1","41","","1013","1013","1013","","","","EMGNCNAK_00098","BKMLJBJG_00090","HMGNIGBJ_00090"
"group_175","","minor tail protein","3","3","1","1","29","1","40","","1835","1835","1835","","","","EMGNCNAK_00099","BKMLJBJG_00091","HMGNIGBJ_00091"
"group_176","","minor tail protein","3","3","1","1","28","1","39","","611","611","611","","","","EMGNCNAK_00100","BKMLJBJG_00092","HMGNIGBJ_00092"
"group_177","","hypothetical protein","3","3","1","1","27","1","38","","1403","1403","1403","","","","EMGNCNAK_00101","BKMLJBJG_00093","HMGNIGBJ_00093"
"group_178","","minor tail protein","3","3","1","1","26","1","37","","2516","2516","2516","","","","EMGNCNAK_00102","BKMLJBJG_00094","HMGNIGBJ_00094"
"group_179","","hypothetical protein","3","3","1","1","25","1","36","","161","161","161","","","","EMGNCNAK_00103","BKMLJBJG_00095","HMGNIGBJ_00095"
"group_18","","hypothetical protein","3","3","1","1","119","1","117","","275","278","277","","","","EMGNCNAK_00026","BKMLJBJG_00021","HMGNIGBJ_00021"
"group_180","","hypothetical protein","3","3","1","1","21","1","32","","197","197","197","","","","EMGNCNAK_00107","BKMLJBJG_00099","HMGNIGBJ_00099"
"group_181","","holin","3","3","1","1","17","1","28","","377","377","377","","","","EMGNCNAK_00111","BKMLJBJG_00103","HMGNIGBJ_00103"
"group_182","","hypothetical protein","3","3","1","1","16","1","27","","410","410","410","","","","EMGNCNAK_00112","BKMLJBJG_00104","HMGNIGBJ_00104"
"group_183","","hypothetical protein","3","3","1","1","15","1","26","","221","221","221","","","","EMGNCNAK_00113","BKMLJBJG_00105","HMGNIGBJ_00105"
"group_185","","hypothetical protein","3","3","1","1","12","1","22","","320","320","320","","","","EMGNCNAK_00116","BKMLJBJG_00108","HMGNIGBJ_00108"
"group_186","","hypothetical protein","3","3","1","1","11","1","21","","452","452","452","","","","EMGNCNAK_00117","BKMLJBJG_00109","HMGNIGBJ_00109"
"group_187","","hypothetical protein","3","3","1","1","10","1","20","","308","308","308","","","","EMGNCNAK_00118","BKMLJBJG_00110","HMGNIGBJ_00110"
"group_188","","hypothetical protein","3","3","1","1","9","1","19","","1184","1184","1184","","","","EMGNCNAK_00119","BKMLJBJG_00111","HMGNIGBJ_00111"
"group_189","","integrase","3","3","1","1","7","1","17","","827","827","827","","","","EMGNCNAK_00121","BKMLJBJG_00113","HMGNIGBJ_00113"
"group_19","","hypothetical protein","3","3","1","1","118","1","116","","296","296","296","","","","EMGNCNAK_00028","BKMLJBJG_00022","HMGNIGBJ_00022"
"group_193","","hypothetical protein","3","3","1","1","124","1","123","","1205","1217","1213","","","","EMGNCNAK_00021","BKMLJBJG_00016","HMGNIGBJ_00016"
"group_20","","hypothetical protein","3","3","1","1","115","1","114","","1040","1046","1042","","","","EMGNCNAK_00030","BKMLJBJG_00024","HMGNIGBJ_00024"
"group_200","","hypothetical protein","3","3","1","1","109","1","105","","353","356","355","","","","EMGNCNAK_00036","BKMLJBJG_00029","HMGNIGBJ_00029"
"group_21","","hypothetical protein","3","3","1","1","99","1","100","","944","944","944","","","","EMGNCNAK_00040","BKMLJBJG_00033","HMGNIGBJ_00033"
"group_22","","hypothetical protein","3","3","1","1","97","1","98","","392","392","392","","","","EMGNCNAK_00042","BKMLJBJG_00035","HMGNIGBJ_00035"
"group_23","","hypothetical protein","3","3","1","1","95","1","96","","608","611","609","","","","EMGNCNAK_00044","BKMLJBJG_00037","HMGNIGBJ_00037"
"group_24","","hypothetical protein","3","3","1","1","94","1","95","","452","452","452","","","","EMGNCNAK_00045","BKMLJBJG_00038","HMGNIGBJ_00038"
"group_25","","hypothetical protein","3","3","1","1","93","1","94","","305","305","305","","","","EMGNCNAK_00046","BKMLJBJG_00039","HMGNIGBJ_00039"
"group_26","","hypothetical protein","3","3","1","1","88","1","89","","434","437","436","","","","EMGNCNAK_00051","BKMLJBJG_00044","HMGNIGBJ_00044"
"group_27","","BrnT-like toxin","3","3","1","1","83","1","83","","248","251","250","","","","EMGNCNAK_00057","BKMLJBJG_00047","HMGNIGBJ_00047"
"group_28","","hypothetical protein","3","3","1","1","76","1","77","","329","329","329","","","","EMGNCNAK_00062","BKMLJBJG_00052","HMGNIGBJ_00052"
"group_29","","hypothetical protein","3","3","1","1","67","1","68","","569","569","569","","","","EMGNCNAK_00071","BKMLJBJG_00063","HMGNIGBJ_00063"
"group_30","","hypothetical protein","3","3","1","1","54","1","65","","350","350","350","","","","EMGNCNAK_00074","BKMLJBJG_00066","HMGNIGBJ_00066"
"group_31","","hypothetical protein","3","3","1","1","52","1","63","","371","371","371","","","","EMGNCNAK_00076","BKMLJBJG_00068","HMGNIGBJ_00068"
"group_32","","hypothetical protein","3","3","1","1","51","1","62","","281","281","281","","","","EMGNCNAK_00077","BKMLJBJG_00069","HMGNIGBJ_00069"
"group_33","","hypothetical protein","3","3","1","1","48","1","59","","257","257","257","","","","EMGNCNAK_00080","BKMLJBJG_00072","HMGNIGBJ_00072"
"group_34","","capsid maturation protease","3","3","1","1","41","1","52","","884","884","884","","","","EMGNCNAK_00087","BKMLJBJG_00079","HMGNIGBJ_00079"
"group_35","","major capsid protein","3","3","1","1","40","1","51","","1379","1394","1384","","","","EMGNCNAK_00088","BKMLJBJG_00080","HMGNIGBJ_00080"
"group_36","","tapemeasure protein","3","3","1","1","31","1","42","","4709","4715","4711","","","","EMGNCNAK_00097","BKMLJBJG_00089","HMGNIGBJ_00089"
"group_37","","hypothetical protein","3","3","1","1","24","1","35","","986","986","986","","","","EMGNCNAK_00104","BKMLJBJG_00096","HMGNIGBJ_00096"
"group_38","","portal protein","3","3","1","1","23","1","34","","350","350","350","","","","EMGNCNAK_00105","BKMLJBJG_00097","HMGNIGBJ_00097"
"group_39","","hypothetical protein","3","3","1","1","22","1","33","","350","350","350","","","","EMGNCNAK_00106","BKMLJBJG_00098","HMGNIGBJ_00098"
"group_40","","hypothetical protein","3","3","1","1","20","1","31","","134","134","134","","","","EMGNCNAK_00108","BKMLJBJG_00100","HMGNIGBJ_00100"
"group_41","","lysin A","3","3","1","1","19","1","30","","1292","1295","1293","","","","EMGNCNAK_00109","BKMLJBJG_00101","HMGNIGBJ_00101"
"group_42","","lysin B","3","3","1","1","18","1","29","","1166","1166","1166","","","","EMGNCNAK_00110","BKMLJBJG_00102","HMGNIGBJ_00102"
"group_43","","hypothetical protein","3","3","1","1","13","1","23","","2168","2195","2186","","","","EMGNCNAK_00115","BKMLJBJG_00107","HMGNIGBJ_00107"
"group_44","","hypothetical protein","3","3","1","1","8","1","18","","296","296","296","","","","EMGNCNAK_00120","BKMLJBJG_00112","HMGNIGBJ_00112"
"group_1","","hypothetical protein","2","2","1","2","46","2","50","","131","131","131","GKHCDKFF_00005","","AKHDAJNK_00006","","",""
"group_10","","helix-turn-helix DNA binding domain protein","2","2","1","2","60","2","71","","290","290","290","GKHCDKFF_00024","","AKHDAJNK_00025","","",""
"group_11","","hypothetical protein","2","2","1","2","57","2","2","","734","734","734","GKHCDKFF_00027","","AKHDAJNK_00028","","",""
"group_12","","hypothetical protein","2","2","1","2","44","2","48","","1136","1166","1151","","DEOPOHJC_00032","AKHDAJNK_00004","","",""
"group_13","","hypothetical protein","2","2","1","2","42","2","15","","341","437","389","","DEOPOHJC_00033","AKHDAJNK_00001","","",""
"group_190","","MerR-like helix-turn-helix DNA binding domain protein","2","2","1","1","139","1","137","","233","233","233","","","","","BKMLJBJG_00001","HMGNIGBJ_00001"
"group_191","","hypothetical protein","2","2","1","1","135","1","143","","149","149","149","","","","","BKMLJBJG_00005","HMGNIGBJ_00005"
"group_192","","hypothetical protein","2","2","1","1","1","1","125","","257","257","257","","","","","BKMLJBJG_00014","HMGNIGBJ_00014"
"group_194","","band-7 like membrane protein","2","2","1","1","2","1","122","","887","887","887","","","","","BKMLJBJG_00017","HMGNIGBJ_00017"
"group_195","","hypothetical protein","2","2","1","1","116","1","115","","344","344","344","","","","","BKMLJBJG_00023","HMGNIGBJ_00023"
"group_196","","hypothetical protein","2","2","1","1","113","1","113","","464","464","464","","","","","BKMLJBJG_00025","HMGNIGBJ_00025"
"group_197","","hypothetical protein","2","2","1","1","112","1","112","","209","209","209","","","","","BKMLJBJG_00026","HMGNIGBJ_00026"
"group_198","","hypothetical protein","2","2","1","1","111","1","111","","1043","1043","1043","","","","","BKMLJBJG_00027","HMGNIGBJ_00027"
"group_199","","metallophosphoesterase","2","2","1","1","110","1","3","","635","635","635","","","","","BKMLJBJG_00028","HMGNIGBJ_00028"
"group_2","","similar to adenine-specific DNA methyltransferase from Mycobacterium gilvum PYR-GCK and N6 adenine-specific DNA methyltransferase from Paracoccus denitrificans","2","2","1","2","47","2","51","","839","854","846","GKHCDKFF_00006","","AKHDAJNK_00007","","",""
"group_201","","hypothetical protein","2","2","1","1","100","1","102","","749","749","749","","","","","BKMLJBJG_00031","HMGNIGBJ_00031"
"group_202","","hypothetical protein","2","2","1","1","3","1","4","","206","206","206","","","","","BKMLJBJG_00034","HMGNIGBJ_00034"
"group_203","","hypothetical protein","2","2","1","1","85","1","85","","161","161","161","","","","","BKMLJBJG_00045","HMGNIGBJ_00045"
"group_204","","hypothetical protein","2","2","1","1","84","1","84","","203","203","203","","","","","BKMLJBJG_00046","HMGNIGBJ_00046"
"group_205","","hypothetical protein","2","2","1","1","4","1","78","","206","206","206","","","","","BKMLJBJG_00051","HMGNIGBJ_00051"
"group_206","","hypothetical protein","2","2","1","1","57","1","14","","386","386","386","","","","","BKMLJBJG_00053","HMGNIGBJ_00053"
"group_207","","hypothetical protein","2","2","1","1","58","1","13","","239","239","239","","","","","BKMLJBJG_00054","HMGNIGBJ_00054"
"group_208","","hypothetical protein","2","2","1","1","59","1","12","","464","464","464","","","","","BKMLJBJG_00055","HMGNIGBJ_00055"
"group_209","","hypothetical protein","2","2","1","1","60","1","11","","305","305","305","","","","","BKMLJBJG_00056","HMGNIGBJ_00056"
"group_210","","hypothetical protein","2","2","1","1","61","1","10","","677","677","677","","","","","BKMLJBJG_00057","HMGNIGBJ_00057"
"group_211","","hypothetical protein","2","2","1","1","62","1","9","","434","434","434","","","","","BKMLJBJG_00058","HMGNIGBJ_00058"
"group_212","","hypothetical protein","2","2","1","1","63","1","8","","362","362","362","","","","","BKMLJBJG_00059","HMGNIGBJ_00059"
"group_213","","hypothetical protein","2","2","1","1","64","1","7","","341","341","341","","","","","BKMLJBJG_00060","HMGNIGBJ_00060"
"group_214","","hypothetical protein","2","2","1","1","65","1","6","","176","176","176","","","","","BKMLJBJG_00061","HMGNIGBJ_00061"
"group_215","","hypothetical protein","2","2","1","1","66","1","15","","404","404","404","","","","","BKMLJBJG_00062","HMGNIGBJ_00062"
"group_216","","hypothetical protein","2","2","1","1","49","1","60","","431","431","431","","","","","BKMLJBJG_00071","HMGNIGBJ_00071"
"group_217","","hypothetical protein","2","2","1","1","14","1","25","","647","647","647","","","","","BKMLJBJG_00106","HMGNIGBJ_00106"
"group_3","","resolvase","2","2","1","2","51","2","55","","431","431","431","GKHCDKFF_00011","","AKHDAJNK_00011","","",""
"group_4","","hypothetical protein","2","2","1","2","53","2","57","","395","395","395","GKHCDKFF_00013","","AKHDAJNK_00013","","",""
"group_5","","hypothetical protein","2","2","1","2","70","2","60","","152","152","152","GKHCDKFF_00016","","AKHDAJNK_00016","","",""
"group_53","","FtsK-like DNA translocase","2","2","1","2","52","2","56","","1061","1061","1061","GKHCDKFF_00012","","AKHDAJNK_00012","","",""
"group_54","","RecT-like ssDNA binding protein","2","2","1","2","72","2","58","","1052","1052","1052","GKHCDKFF_00014","","AKHDAJNK_00014","","",""
"group_55","","RecE-like exonuclease","2","2","1","2","71","2","59","","1007","1007","1007","GKHCDKFF_00015","","AKHDAJNK_00015","","",""
"group_59","","Cro protein","2","2","1","2","59","2","72","","275","275","275","GKHCDKFF_00025","","AKHDAJNK_00026","","",""
"group_6","","membrane protein","2","2","1","2","69","2","61","","185","185","185","GKHCDKFF_00017","","AKHDAJNK_00017","","",""
"group_60","","hypothetical protein","2","2","1","2","58","2","3","","404","404","404","GKHCDKFF_00026","","AKHDAJNK_00027","","",""
"group_61","","integrase","2","2","1","2","56","2","1","","1118","1118","1118","GKHCDKFF_00028","","AKHDAJNK_00029","","",""
"group_7","","hypothetical protein","2","2","1","2","68","2","62","","257","257","257","GKHCDKFF_00018","","AKHDAJNK_00018","","",""
"group_8","","hypothetical protein","2","2","1","2","65","2","65","","374","389","381","GKHCDKFF_00020","","AKHDAJNK_00021","","",""
"group_9","","hypothetical protein","2","2","1","2","63","2","66","","284","284","284","GKHCDKFF_00021","","AKHDAJNK_00022","","",""
"group_100","","hypothetical protein","1","1","1","2","67","2","63","","287","287","287","","","AKHDAJNK_00019","","",""
"group_101","","hypothetical protein","1","1","1","2","64","2","64","","257","257","257","","","AKHDAJNK_00020","","",""
"group_102","","hypothetical protein","1","1","1","2","62","2","67","","290","290","290","","","AKHDAJNK_00023","","",""
"group_103","","hypothetical protein","1","1","1","2","61","2","68","","377","377","377","","","AKHDAJNK_00024","","",""
"mmpI","","Major membrane protein I","1","1","1","1","144","1","132","","923","923","923","","","","EMGNCNAK_00001","",""
"group_105","","hypothetical protein","1","1","1","1","145","1","133","","1271","1271","1271","","","","EMGNCNAK_00002","",""
"group_106","","Virulent VFDB|VFG001965 aminotransferase [Campylobacter jejuni subsp. jejuni NCTC]","1","1","1","1","143","1","134","","1043","1043","1043","","","","EMGNCNAK_00003","",""
"group_107","","tRNA-Arg(acg)","1","1","1","1","142","1","135","","75","75","75","","","","EMGNCNAK_00005","",""
"group_108","","recombination directionality factor","1","1","1","1","141","1","136","","233","233","233","","","","EMGNCNAK_00006","",""
"group_111","","hypothetical protein","1","1","1","1","137","1","140","","95","95","95","","","","EMGNCNAK_00009","",""
"group_112","","hypothetical protein","1","1","1","1","133","1","142","","149","149","149","","","","EMGNCNAK_00011","",""
"group_119","","band-7 like membrane protein","1","1","1","1","123","1","121","","887","887","887","","","","EMGNCNAK_00022","",""
"group_123","","hypothetical protein","1","1","1","1","117","1","1","","476","476","476","","","","EMGNCNAK_00027","",""
"group_124","","hypothetical protein","1","1","1","1","114","1","2","","365","365","365","","","","EMGNCNAK_00029","",""
"group_125","","hypothetical protein","1","1","1","1","104","1","110","","473","473","473","","","","EMGNCNAK_00031","",""
"group_126","","hypothetical protein","1","1","1","1","105","1","109","","212","212","212","","","","EMGNCNAK_00032","",""
"group_127","","exonuclease","1","1","1","1","106","1","108","","614","614","614","","","","EMGNCNAK_00033","",""
"group_128","","hypothetical protein","1","1","1","1","107","1","107","","1049","1049","1049","","","","EMGNCNAK_00034","",""
"group_129","","metallophosphoesterase","1","1","1","1","108","1","106","","629","629","629","","","","EMGNCNAK_00035","",""
"group_131","","hypothetical protein","1","1","1","1","102","1","103","","746","746","746","","","","EMGNCNAK_00038","",""
"group_133","","hypothetical protein","1","1","1","1","98","1","99","","212","212","212","","","","EMGNCNAK_00041","",""
"group_139","","hypothetical protein","1","1","1","1","87","1","88","","203","203","203","","","","EMGNCNAK_00052","",""
"group_140","","hypothetical protein","1","1","1","1","86","1","87","","308","308","308","","","","EMGNCNAK_00053","",""
"group_141","","hypothetical protein","1","1","1","1","80","1","86","","335","335","335","","","","EMGNCNAK_00054","",""
"group_142","","hypothetical protein","1","1","1","1","81","1","81","","194","194","194","","","","EMGNCNAK_00055","",""
"group_143","","IS110 family transposase IS117","1","1","1","1","82","1","82","","1235","1235","1235","","","","EMGNCNAK_00056","",""
"group_146","","hypothetical protein","1","1","1","1","77","1","5","","113","113","113","","","","EMGNCNAK_00061","",""
"group_147","","hypothetical protein","1","1","1","1","75","1","76","","389","389","389","","","","EMGNCNAK_00063","",""
"group_148","","hypothetical protein","1","1","1","1","74","1","75","","434","434","434","","","","EMGNCNAK_00064","",""
"group_149","","hypothetical protein","1","1","1","1","73","1","74","","305","305","305","","","","EMGNCNAK_00065","",""
"group_150","","hypothetical protein","1","1","1","1","72","1","73","","674","674","674","","","","EMGNCNAK_00066","",""
"group_151","","hypothetical protein","1","1","1","1","71","1","72","","1286","1286","1286","","","","EMGNCNAK_00067","",""
"group_152","","hypothetical protein","1","1","1","1","70","1","71","","1382","1382","1382","","","","EMGNCNAK_00068","",""
"group_153","","hypothetical protein","1","1","1","1","69","1","70","","680","680","680","","","","EMGNCNAK_00069","",""
"group_154","","hypothetical protein","1","1","1","1","68","1","69","","776","776","776","","","","EMGNCNAK_00070","",""
"group_159","","hypothetical protein","1","1","1","1","5","1","16","","431","431","431","","","","EMGNCNAK_00079","",""
"group_184","","hypothetical protein","1","1","1","1","6","1","24","","647","647","647","","","","EMGNCNAK_00114","",""
"group_45","","hypothetical protein","1","1","1","2","5","2","9","","596","596","596","GKHCDKFF_00001","","","","",""
"group_46","","HNH endonuclease","1","1","1","2","6","2","10","","362","362","362","GKHCDKFF_00002","","","","",""
"group_47","","hypothetical protein","1","1","1","2","7","2","11","","428","428","428","GKHCDKFF_00003","","","","",""
"group_48","","hypothetical protein","1","1","1","2","8","2","12","","260","260","260","GKHCDKFF_00004","","","","",""
"group_49","","hypothetical protein","1","1","1","2","4","2","5","","281","281","281","GKHCDKFF_00007","","","","",""
"group_50","","DNA methylase","1","1","1","2","3","2","6","","1382","1382","1382","GKHCDKFF_00008","","","","",""
"group_51","","hypothetical protein","1","1","1","2","2","2","7","","329","329","329","GKHCDKFF_00009","","","","",""
"group_52","","hypothetical protein","1","1","1","2","1","2","8","","242","242","242","GKHCDKFF_00010","","","","",""
"group_56","","hypothetical protein","1","1","1","2","66","2","4","","296","296","296","GKHCDKFF_00019","","","","",""
"group_57","","hypothetical protein","1","1","1","2","55","2","69","","263","263","263","GKHCDKFF_00022","","","","",""
"group_58","","hypothetical protein","1","1","1","2","54","2","70","","377","377","377","GKHCDKFF_00023","","","","",""
"group_62","","tRNA-Ala(cgc)","1","1","1","2","9","2","17","","73","73","73","","DEOPOHJC_00001","","","",""
"group_63","","phage integrase","1","1","1","2","10","2","18","","1334","1334","1334","","DEOPOHJC_00002","","","",""
"dehH1","","Haloacetate dehalogenase H-1","1","1","1","2","11","2","19","","773","773","773","","DEOPOHJC_00003","","","",""
"group_65","","hypothetical protein","1","1","1","2","12","2","20","","713","713","713","","DEOPOHJC_00004","","","",""
"group_66","","hypothetical protein","1","1","1","2","13","2","21","","278","278","278","","DEOPOHJC_00005","","","",""
"group_67","","hypothetical protein","1","1","1","2","14","2","22","","215","215","215","","DEOPOHJC_00006","","","",""
"group_68","","hypothetical protein","1","1","1","2","15","2","23","","320","320","320","","DEOPOHJC_00007","","","",""
"group_69","","hypothetical protein","1","1","1","2","16","2","24","","146","146","146","","DEOPOHJC_00008","","","",""
"group_70","","hypothetical protein","1","1","1","2","17","2","25","","413","413","413","","DEOPOHJC_00009","","","",""
"group_71","","hypothetical protein","1","1","1","2","18","2","26","","278","278","278","","DEOPOHJC_00010","","","",""
"group_72","","hypothetical protein","1","1","1","2","19","2","27","","263","263","263","","DEOPOHJC_00011","","","",""
"group_73","","hypothetical protein","1","1","1","2","20","2","28","","311","311","311","","DEOPOHJC_00012","","","",""
"group_74","","hypothetical protein","1","1","1","2","21","2","29","","410","410","410","","DEOPOHJC_00013","","","",""
"group_75","","hypothetical protein","1","1","1","2","22","2","30","","149","149","149","","DEOPOHJC_00014","","","",""
"group_76","","RecE-like exonuclease","1","1","1","2","23","2","31","","959","959","959","","DEOPOHJC_00015","","","",""
"group_77","","ssDNA binding protein","1","1","1","2","24","2","32","","1217","1217","1217","","DEOPOHJC_00016","","","",""
"group_78","","hypothetical protein","1","1","1","2","25","2","33","","257","257","257","","DEOPOHJC_00017","","","",""
"group_79","","hypothetical protein","1","1","1","2","26","2","34","","377","377","377","","DEOPOHJC_00018","","","",""
"group_80","","hypothetical protein","1","1","1","2","27","2","35","","164","164","164","","DEOPOHJC_00019","","","",""
"group_81","","hypothetical protein","1","1","1","2","28","2","36","","242","242","242","","DEOPOHJC_00020","","","",""
"group_82","","hypothetical protein","1","1","1","2","29","2","37","","314","314","314","","DEOPOHJC_00021","","","",""
"group_83","","hypothetical protein","1","1","1","2","30","2","38","","224","224","224","","DEOPOHJC_00022","","","",""
"group_84","","RuvC-like resolvase","1","1","1","2","31","2","39","","632","632","632","","DEOPOHJC_00023","","","",""
"group_85","","hypothetical protein","1","1","1","2","32","2","40","","542","542","542","","DEOPOHJC_00024","","","",""
"group_86","","hypothetical protein","1","1","1","2","33","2","41","","407","407","407","","DEOPOHJC_00025","","","",""
"group_87","","hypothetical protein","1","1","1","2","34","2","42","","1064","1064","1064","","DEOPOHJC_00026","","","",""
"group_88","","hypothetical protein","1","1","1","2","35","2","43","","182","182","182","","DEOPOHJC_00027","","","",""
"group_89","","hypothetical protein","1","1","1","2","36","2","44","","197","197","197","","DEOPOHJC_00028","","","",""
"group_90","","hypothetical protein","1","1","1","2","37","2","45","","167","167","167","","DEOPOHJC_00029","","","",""
"group_91","","exonuclease","1","1","1","2","38","2","46","","605","605","605","","DEOPOHJC_00030","","","",""
"group_92","","hypothetical protein","1","1","1","2","39","2","47","","977","977","977","","DEOPOHJC_00031","","","",""
"group_93","","hypothetical protein","1","1","1","2","41","2","14","","944","944","944","","DEOPOHJC_00034","","","",""
"group_94","","HNH endonuclease","1","1","1","2","40","2","13","","362","362","362","","","AKHDAJNK_00002","","",""
"group_95","","hypothetical protein","1","1","1","2","43","2","16","","440","440","440","","","AKHDAJNK_00003","","",""
"group_96","","hypothetical protein","1","1","1","2","45","2","49","","263","263","263","","","AKHDAJNK_00005","","",""
"group_97","","DNA methylase","1","1","1","2","48","2","52","","1247","1247","1247","","","AKHDAJNK_00008","","",""
"group_98","","hypothetical protein","1","1","1","2","49","2","53","","275","275","275","","","AKHDAJNK_00009","","",""
"group_99","","hypothetical protein","1","1","1","2","50","2","54","","245","245","245","","","AKHDAJNK_00010","","",""
