"Gene","Non-unique Gene name","Annotation","No. isolates","No. sequences","Avg sequences per isolate","Genome Fragment","Order within Fragment","Accessory Fragment","Accessory Order with Fragment","QC","Min group size nuc","Max group size nuc","Avg group size nuc","K1","K10","K2","K3","K4","K5","K6","K7","K8","K9"
"group_14","","integrase","5","5","1","2","83","3","47","","779","893","870","","","LPPHNCFD_00001","","","EPCHNGHC_00004","PJBCCOOC_00001","PELFPOHB_00004","","BHIFFHLE_00010"
"group_15","","hypothetical protein","5","5","1","2","106","3","66","","1730","1757","1746","","","LPPHNCFD_00019","","","EPCHNGHC_00022","PJBCCOOC_00019","PELFPOHB_00022","","BHIFFHLE_00027"
"group_16","","hypothetical protein","5","5","1","2","107","3","67","","1097","1097","1097","","","LPPHNCFD_00020","","","EPCHNGHC_00023","PJBCCOOC_00020","PELFPOHB_00023","","BHIFFHLE_00028"
"group_2","","LysA","5","5","1","2","93","3","54","","1241","1274","1247","","","LPPHNCFD_00009","","","EPCHNGHC_00011","PJBCCOOC_00009","PELFPOHB_00011","","BHIFFHLE_00017"
"group_201","","lysin B","5","5","1","2","92","3","53","","905","905","905","","","LPPHNCFD_00008","","","EPCHNGHC_00010","PJBCCOOC_00008","PELFPOHB_00010","","BHIFFHLE_00016"
"group_202","","minor tail protein","5","5","1","2","101","3","61","","2525","2525","2525","","","LPPHNCFD_00014","","","EPCHNGHC_00017","PJBCCOOC_00015","PELFPOHB_00017","","BHIFFHLE_00023"
"group_3","","hypothetical protein","5","5","1","2","96","3","56","","146","146","146","","","LPPHNCFD_00010","","","EPCHNGHC_00013","PJBCCOOC_00011","PELFPOHB_00013","","BHIFFHLE_00019"
"group_36","","hypothetical protein","5","5","1","2","97","3","57","","392","392","392","","","LPPHNCFD_00011","","","EPCHNGHC_00014","PJBCCOOC_00012","PELFPOHB_00014","","BHIFFHLE_00020"
"group_37","","putative tail protein","5","5","1","2","103","3","63","","1052","1052","1052","","","LPPHNCFD_00016","","","EPCHNGHC_00019","PJBCCOOC_00017","PELFPOHB_00019","","BHIFFHLE_00025"
"group_39","","hypothetical protein","5","5","1","2","108","3","68","","2663","3140","3042","","","LPPHNCFD_00021","","","EPCHNGHC_00024","PJBCCOOC_00021","PELFPOHB_00024","","BHIFFHLE_00029"
"group_4","","hypothetical protein","5","5","1","2","99","3","58","","1019","1154","1127","","","LPPHNCFD_00012","","","EPCHNGHC_00015","PJBCCOOC_00013","PELFPOHB_00015","","BHIFFHLE_00021"
"group_6","","hypothetical protein","5","5","1","2","102","3","62","","281","281","281","","","LPPHNCFD_00015","","","EPCHNGHC_00018","PJBCCOOC_00016","PELFPOHB_00018","","BHIFFHLE_00024"
"group_7","","hypothetical protein","5","5","1","2","104","3","64","","389","563","423","","","LPPHNCFD_00017","","","EPCHNGHC_00020","PJBCCOOC_00018","PELFPOHB_00020","","BHIFFHLE_00026"
"group_1","","phage integrase","4","4","1","1","141","1","154","","1199","1322","1274","DFKLECKL_00006","","","FLMFDIIP_00067","HDJDBBOK_00060","","","","NHPCAKGO_00011",""
"group_10","","RNA ligase","4","4","1","1","106","1","99","","1196","1310","1224","DFKLECKL_00032","","","FLMFDIIP_00041","HDJDBBOK_00033","","","","NHPCAKGO_00037",""
"group_11","","hypothetical protein","4","4","1","1","92","1","90","","665","731","686","DFKLECKL_00041","","","FLMFDIIP_00033","HDJDBBOK_00025","","","","NHPCAKGO_00045",""
"group_12","","hypothetical protein","4","4","1","1","70","1","73","","296","296","296","DFKLECKL_00058","","","FLMFDIIP_00018","HDJDBBOK_00008","","","","NHPCAKGO_00062",""
"group_13","","minor tail protein","4","4","1","1","61","1","66","","1664","1721","1692","DFKLECKL_00064","","","FLMFDIIP_00012","HDJDBBOK_00002","","","","NHPCAKGO_00068",""
"group_17","","hypothetical protein","4","4","1","2","111","3","71","","860","860","860","","","LPPHNCFD_00024","","","EPCHNGHC_00027","PJBCCOOC_00024","PELFPOHB_00027","",""
"group_18","","hypothetical protein","4","4","1","2","112","3","72","","425","425","425","","","LPPHNCFD_00025","","","EPCHNGHC_00028","PJBCCOOC_00025","PELFPOHB_00028","",""
"group_19","","HNH endonuclease","4","4","1","2","51","3","89","","314","314","314","","","LPPHNCFD_00038","","","EPCHNGHC_00041","PJBCCOOC_00038","PELFPOHB_00041","",""
"group_20","","helix-turn-helix DNA binding domain protein","4","4","1","2","46","3","96","","875","878","875","","","LPPHNCFD_00044","","","EPCHNGHC_00044","PJBCCOOC_00043","PELFPOHB_00046","",""
"group_203","","hypothetical protein","4","4","1","2","114","3","74","","344","344","344","","","LPPHNCFD_00027","","","EPCHNGHC_00030","PJBCCOOC_00027","PELFPOHB_00030","",""
"group_207","","terminase large subunit","4","4","1","2","55","3","83","","1454","1454","1454","","","LPPHNCFD_00034","","","EPCHNGHC_00037","PJBCCOOC_00034","PELFPOHB_00037","",""
"group_208","","terminase small subunit","4","4","1","2","53","3","85","","428","428","428","","","LPPHNCFD_00036","","","EPCHNGHC_00039","PJBCCOOC_00036","PELFPOHB_00039","",""
"group_209","","hypothetical protein","4","4","1","2","52","3","86","","269","269","269","","","LPPHNCFD_00037","","","EPCHNGHC_00040","PJBCCOOC_00037","PELFPOHB_00040","",""
"group_21","","hypothetical protein","4","4","1","2","34","3","110","","200","200","200","","","LPPHNCFD_00053","","","EPCHNGHC_00053","PJBCCOOC_00051","PELFPOHB_00054","",""
"group_219","","hypothetical protein","4","4","1","2","26","3","116","","1205","1205","1205","","","LPPHNCFD_00058","","","EPCHNGHC_00060","PJBCCOOC_00058","PELFPOHB_00061","",""
"group_22","","hypothetical protein","4","4","1","2","31","3","112","","305","308","306","","","LPPHNCFD_00055","","","EPCHNGHC_00055","PJBCCOOC_00053","PELFPOHB_00056","",""
"group_220","","putative protein","4","4","1","2","25","3","11","","1490","1490","1490","","","LPPHNCFD_00059","","","EPCHNGHC_00061","PJBCCOOC_00059","PELFPOHB_00062","",""
"topA","","DNA topoisomerase 1","4","4","1","2","24","3","10","","2792","2792","2792","","","LPPHNCFD_00060","","","EPCHNGHC_00062","PJBCCOOC_00060","PELFPOHB_00063","",""
"group_222","","hypothetical protein","4","4","1","2","23","3","9","","638","638","638","","","LPPHNCFD_00061","","","EPCHNGHC_00063","PJBCCOOC_00061","PELFPOHB_00064","",""
"group_223","","Virulent PATRIC_VF|SL1344_0617 cold shock-like protein cspE [Salmonella enterica subsp. enterica serovar Typhimurium str.]","4","4","1","2","22","3","8","","203","203","203","","","LPPHNCFD_00062","","","EPCHNGHC_00064","PJBCCOOC_00062","PELFPOHB_00065","",""
"group_23","","hypothetical protein","4","4","1","2","28","3","114","","296","296","296","","","LPPHNCFD_00056","","","EPCHNGHC_00056","PJBCCOOC_00055","PELFPOHB_00058","",""
"group_29","","hypothetical protein","4","4","1","1","81","1","82","","1475","1847","1661","DFKLECKL_00050","","","FLMFDIIP_00027","HDJDBBOK_00017","","","","NHPCAKGO_00053",""
"group_30","","capsid decoration protein","4","4","1","1","74","1","78","","374","374","374","DFKLECKL_00054","","","FLMFDIIP_00023","HDJDBBOK_00013","","","","NHPCAKGO_00057",""
"group_31","","major capsid protein","4","4","1","1","73","1","76","","1037","1037","1037","DFKLECKL_00055","","","FLMFDIIP_00022","HDJDBBOK_00012","","","","NHPCAKGO_00058",""
"group_32","","head-to-tail connector complex protein","4","4","1","1","71","1","74","","347","347","347","DFKLECKL_00057","","","FLMFDIIP_00019","HDJDBBOK_00009","","","","NHPCAKGO_00061",""
"group_33","","major tail subunit","4","4","1","1","67","1","71","","677","677","677","DFKLECKL_00060","","","FLMFDIIP_00016","HDJDBBOK_00006","","","","NHPCAKGO_00064",""
"group_34","","hypothetical protein","4","4","1","1","63","1","67","","1220","1229","1226","DFKLECKL_00063","","","FLMFDIIP_00013","HDJDBBOK_00003","","","","NHPCAKGO_00067",""
"group_35","","hypothetical protein","4","4","1","1","60","1","65","","473","485","482","DFKLECKL_00065","","","FLMFDIIP_00011","HDJDBBOK_00001","","","","NHPCAKGO_00069",""
"group_40","","hypothetical protein","4","4","1","2","109","3","69","","293","293","293","","","LPPHNCFD_00022","","","EPCHNGHC_00025","PJBCCOOC_00022","PELFPOHB_00025","",""
"group_41","","putative tail assembly protein","4","4","1","2","110","3","70","","491","491","491","","","LPPHNCFD_00023","","","EPCHNGHC_00026","PJBCCOOC_00023","PELFPOHB_00026","",""
"group_42","","hypothetical protein","4","4","1","2","113","3","73","","278","278","278","","","LPPHNCFD_00026","","","EPCHNGHC_00029","PJBCCOOC_00026","PELFPOHB_00029","",""
"group_43","","head-to-tail adaptor","4","4","1","2","115","3","75","","497","497","497","","","LPPHNCFD_00028","","","EPCHNGHC_00031","PJBCCOOC_00028","PELFPOHB_00031","",""
"group_45","","capsid maturation protease","4","4","1","2","58","3","81","","872","872","872","","","LPPHNCFD_00032","","","EPCHNGHC_00035","PJBCCOOC_00032","PELFPOHB_00035","",""
"group_46","","hypothetical protein","4","4","1","2","54","3","84","","395","395","395","","","LPPHNCFD_00035","","","EPCHNGHC_00038","PJBCCOOC_00035","PELFPOHB_00038","",""
"group_49","","hypothetical protein","4","4","1","2","40","3","98","","254","257","254","","","LPPHNCFD_00046","","","EPCHNGHC_00047","PJBCCOOC_00045","PELFPOHB_00048","",""
"group_5","","hypothetical protein","4","4","1","2","100","3","59","","305","311","309","","","LPPHNCFD_00013","","","EPCHNGHC_00016","PJBCCOOC_00014","","","BHIFFHLE_00022"
"group_51","","DNA polymerase III subunit beta","4","4","1","2","36","3","105","","1148","1148","1148","","","LPPHNCFD_00051","","","EPCHNGHC_00051","PJBCCOOC_00049","PELFPOHB_00052","",""
"group_8","","metalloprotease","4","4","1","1","148","1","147","","428","428","428","DFKLECKL_00008","","","FLMFDIIP_00064","HDJDBBOK_00057","","","","NHPCAKGO_00015",""
"group_9","","hypothetical protein","4","4","1","1","158","1","135","","203","455","329","DFKLECKL_00014","","","FLMFDIIP_00058","HDJDBBOK_00051","","","","NHPCAKGO_00021",""
"group_133","","minor tail protein","3","3","1","1","59","1","64","","1109","1109","1109","DFKLECKL_00066","","","FLMFDIIP_00010","","","","","NHPCAKGO_00070",""
"group_200","","hypothetical protein","3","3","1","2","91","3","25","","227","227","227","","","LPPHNCFD_00007","","","","PJBCCOOC_00007","","","BHIFFHLE_00015"
"group_214","","hypothetical protein","3","3","1","2","39","3","99","","422","422","422","","","LPPHNCFD_00047","","","","PJBCCOOC_00046","PELFPOHB_00049","",""
"group_224","","Virulent PATRIC_VF|Rv3649 helicase [Mycobacterium tuberculosis H37Rv]","3","3","1","2","21","3","7","","2309","2309","2309","","","LPPHNCFD_00063","","","EPCHNGHC_00065","","PELFPOHB_00066","",""
"group_239","","hypothetical protein","3","3","1","1","62","1","39","","3347","3350","3349","","","","FLMFDIIP_00014","HDJDBBOK_00004","","","","NHPCAKGO_00066",""
"group_240","","scaffolding protein","3","3","1","1","32","1","77","","635","635","635","","","","FLMFDIIP_00024","HDJDBBOK_00014","","","","NHPCAKGO_00056",""
"group_241","","portal protein","3","3","1","1","79","1","35","","1478","1478","1478","","","","FLMFDIIP_00026","HDJDBBOK_00016","","","","NHPCAKGO_00054",""
"group_246","","hypothetical protein","3","3","1","1","19","1","22","","164","164","164","","","","FLMFDIIP_00038","HDJDBBOK_00030","","","","NHPCAKGO_00040",""
"group_256","","esterase","3","3","1","1","133","1","157","","713","713","713","","","","FLMFDIIP_00069","HDJDBBOK_00063","","","","NHPCAKGO_00009",""
"group_26","","hypothetical protein","3","3","1","2","82","3","35","","227","254","245","","","","","","EPCHNGHC_00003","","PELFPOHB_00003","","BHIFFHLE_00009"
"group_265","","hypothetical protein","3","3","1","1","102","1","13","","431","434","432","","","","FLMFDIIP_00042","HDJDBBOK_00035","","","","NHPCAKGO_00036",""
"group_27","","DNA primase","3","3","1","1","96","1","94","","1685","1691","1689","DFKLECKL_00037","","","FLMFDIIP_00037","","","","","NHPCAKGO_00041",""
"group_281","","hypothetical protein","3","3","1","2","80","3","33","","515","515","515","","","","","","EPCHNGHC_00001","","PELFPOHB_00001","","BHIFFHLE_00007"
"group_289","","portal protein","3","3","1","2","56","3","82","","1472","1472","1472","","","","","","EPCHNGHC_00036","PJBCCOOC_00033","PELFPOHB_00036","",""
"group_38","","hypothetical protein","3","3","1","2","105","3","65","","224","224","224","","","LPPHNCFD_00018","","","EPCHNGHC_00021","","PELFPOHB_00021","",""
"group_44","","hypothetical protein","3","3","1","2","116","3","76","","344","353","350","","","LPPHNCFD_00029","","","","PJBCCOOC_00029","PELFPOHB_00032","",""
"group_47","","hypothetical protein","3","3","1","2","50","3","90","","410","410","410","","","LPPHNCFD_00039","","","","PJBCCOOC_00039","PELFPOHB_00042","",""
"group_48","","helix-turn-helix DNA binding domain protein","3","3","1","2","41","3","97","","821","854","843","","","LPPHNCFD_00045","","","","PJBCCOOC_00044","PELFPOHB_00047","",""
"group_50","","hypothetical protein","3","3","1","2","38","3","100","","701","710","704","","","LPPHNCFD_00048","","","","PJBCCOOC_00047","PELFPOHB_00050","",""
"namA","","NADPH dehydrogenase","3","3","1","2","20","3","6","","716","1103","974","","","LPPHNCFD_00064","","","EPCHNGHC_00066","","PELFPOHB_00067","",""
"group_53","","hypothetical protein","3","3","1","1","66","1","70","","455","455","455","","","","FLMFDIIP_00015","HDJDBBOK_00005","","","","NHPCAKGO_00065",""
"group_54","","hypothetical protein","3","3","1","1","69","1","38","","407","407","407","","","","FLMFDIIP_00017","HDJDBBOK_00007","","","","NHPCAKGO_00063",""
"group_55","","head-to-tail adaptor","3","3","1","1","34","1","37","","374","374","374","","","","FLMFDIIP_00020","HDJDBBOK_00010","","","","NHPCAKGO_00060",""
"group_56","","hypothetical protein","3","3","1","1","33","1","36","","302","302","302","","","","FLMFDIIP_00021","HDJDBBOK_00011","","","","NHPCAKGO_00059",""
"group_57","","capsid maturation protease","3","3","1","1","78","1","34","","905","905","905","","","","FLMFDIIP_00025","HDJDBBOK_00015","","","","NHPCAKGO_00055",""
"group_59","","HNH endonuclease","3","3","1","1","85","1","84","","275","278","276","","","","FLMFDIIP_00029","HDJDBBOK_00019","","","","NHPCAKGO_00049",""
"group_60","","helix-turn-helix DNA binding domain protein","3","3","1","1","89","1","88","","236","236","236","","","","FLMFDIIP_00031","HDJDBBOK_00023","","","","NHPCAKGO_00047",""
"group_61","","hypothetical protein","3","3","1","1","23","1","28","","413","413","413","","","","FLMFDIIP_00034","HDJDBBOK_00026","","","","NHPCAKGO_00044",""
"group_62","","DNA primase/polymerase","3","3","1","1","104","1","9","","704","704","704","","","","FLMFDIIP_00039","HDJDBBOK_00031","","","","NHPCAKGO_00039",""
"group_63","","hypothetical protein","3","3","1","1","105","1","10","","272","272","272","","","","FLMFDIIP_00040","HDJDBBOK_00032","","","","NHPCAKGO_00038",""
"group_64","","hypothetical protein","3","3","1","1","101","1","12","","1046","1046","1046","","","","FLMFDIIP_00043","HDJDBBOK_00036","","","","NHPCAKGO_00035",""
"group_65","","hypothetical protein","3","3","1","1","1","1","11","","230","230","230","","","","FLMFDIIP_00044","HDJDBBOK_00037","","","","NHPCAKGO_00034",""
"group_66","","hypothetical protein","3","3","1","1","2","1","121","","233","233","233","","","","FLMFDIIP_00045","HDJDBBOK_00038","","","","NHPCAKGO_00033",""
"group_67","","hypothetical protein","3","3","1","1","3","1","122","","353","353","353","","","","FLMFDIIP_00046","HDJDBBOK_00039","","","","NHPCAKGO_00032",""
"group_68","","hypothetical protein","3","3","1","1","5","1","123","","233","233","233","","","","FLMFDIIP_00047","HDJDBBOK_00040","","","","NHPCAKGO_00031",""
"group_69","","hypothetical protein","3","3","1","1","7","1","126","","437","437","437","","","","FLMFDIIP_00049","HDJDBBOK_00042","","","","NHPCAKGO_00029",""
"group_70","","hypothetical protein","3","3","1","1","8","1","127","","239","239","239","","","","FLMFDIIP_00050","HDJDBBOK_00043","","","","NHPCAKGO_00028",""
"group_71","","hypothetical protein","3","3","1","1","165","1","128","","185","185","185","","","","FLMFDIIP_00051","HDJDBBOK_00044","","","","NHPCAKGO_00027",""
"group_72","","hypothetical protein","3","3","1","1","164","1","129","","401","401","401","","","","FLMFDIIP_00052","HDJDBBOK_00045","","","","NHPCAKGO_00026",""
"group_73","","hypothetical protein","3","3","1","1","161","1","132","","299","299","299","","","","FLMFDIIP_00055","HDJDBBOK_00048","","","","NHPCAKGO_00023",""
"group_74","","hypothetical protein","3","3","1","1","156","1","136","","257","257","257","","","","FLMFDIIP_00059","HDJDBBOK_00052","","","","NHPCAKGO_00020",""
"group_75","","hypothetical protein","3","3","1","1","154","1","139","","356","356","356","","","","FLMFDIIP_00061","HDJDBBOK_00054","","","","NHPCAKGO_00018",""
"group_77","","hypothetical protein","3","3","1","1","134","1","156","","1040","1040","1040","","","","FLMFDIIP_00068","HDJDBBOK_00062","","","","NHPCAKGO_00010",""
"group_79","","major capsid protein","3","3","1","2","61","3","77","","908","908","908","","","","","","EPCHNGHC_00033","PJBCCOOC_00030","PELFPOHB_00033","",""
"group_80","","scaffolding protein","3","3","1","2","59","3","78","","641","641","641","","","","","","EPCHNGHC_00034","PJBCCOOC_00031","PELFPOHB_00034","",""
"group_81","","hypothetical protein","3","3","1","2","37","3","103","","158","161","159","","","","","","EPCHNGHC_00049","PJBCCOOC_00048","PELFPOHB_00051","",""
"group_225","","hypothetical protein","2","2","1","2","19","3","5","","959","959","959","","","LPPHNCFD_00065","","","EPCHNGHC_00067","","","",""
"group_226","","hypothetical protein","2","2","1","2","18","3","4","","635","635","635","","","LPPHNCFD_00066","","","EPCHNGHC_00068","","","",""
"group_227","","hypothetical protein","2","2","1","2","17","3","3","","920","920","920","","","LPPHNCFD_00067","","","EPCHNGHC_00069","","","",""
"group_24","","hypothetical protein","2","2","1","1","130","1","159","","275","827","551","","","","","HDJDBBOK_00065","","","","NHPCAKGO_00006",""
"group_242","","hypothetical protein","2","2","1","1","31","1","30","","593","593","593","","","","FLMFDIIP_00030","","","","","NHPCAKGO_00048",""
"group_243","","hypothetical protein","2","2","1","1","91","1","29","","356","356","356","","","","FLMFDIIP_00032","","","","","NHPCAKGO_00046",""
"group_244","","hypothetical protein","2","2","1","1","17","1","27","","497","497","497","","","","FLMFDIIP_00035","","","","","NHPCAKGO_00043",""
"group_245","","holiday junction resolvase","2","2","1","1","18","1","26","","443","443","443","","","","FLMFDIIP_00036","","","","","NHPCAKGO_00042",""
"group_247","","hypothetical protein","2","2","1","1","4","1","125","","347","347","347","","","","FLMFDIIP_00048","","","","","NHPCAKGO_00030",""
"group_248","","hypothetical protein","2","2","1","1","10","1","119","","275","275","275","","","","FLMFDIIP_00053","","","","","NHPCAKGO_00025",""
"group_249","","hypothetical protein","2","2","1","1","9","1","120","","290","290","290","","","","FLMFDIIP_00054","","","","","NHPCAKGO_00024",""
"group_251","","hypothetical protein","2","2","1","1","157","1","117","","221","221","221","","","","FLMFDIIP_00057","","","","","NHPCAKGO_00022",""
"group_252","","hypothetical protein","2","2","1","1","151","1","138","","284","284","284","","","","FLMFDIIP_00060","","","","","NHPCAKGO_00019",""
"group_253","","hypothetical protein","2","2","1","1","152","1","2","","1214","1214","1214","","","","FLMFDIIP_00063","","","","","NHPCAKGO_00016",""
"group_254","","LexA-like repressor","2","2","1","1","147","1","144","","206","206","206","","","","FLMFDIIP_00065","","","","","NHPCAKGO_00014",""
"group_255","","hypothetical protein","2","2","1","1","145","1","142","","560","560","560","","","","FLMFDIIP_00066","","","","","NHPCAKGO_00012",""
"group_277","","hypothetical protein","2","2","1","1","132","1","158","","362","362","362","","","","","HDJDBBOK_00064","","","","NHPCAKGO_00007",""
"group_278","","hypothetical protein","2","2","1","1","128","1","164","","524","524","524","","","","","HDJDBBOK_00067","","","","NHPCAKGO_00005",""
"group_279","","hypothetical protein","2","2","1","1","127","1","163","","368","368","368","","","","","HDJDBBOK_00068","","","","NHPCAKGO_00004",""
"group_28","","hypothetical protein","2","2","1","1","82","1","83","","251","251","251","DFKLECKL_00049","","","","HDJDBBOK_00018","","","","",""
"group_280","","hypothetical protein","2","2","1","1","126","1","162","","746","746","746","","","","","HDJDBBOK_00069","","","","NHPCAKGO_00003",""
"group_283","","hypothetical protein","2","2","1","2","84","3","48","","299","299","299","","","","","","EPCHNGHC_00005","","PELFPOHB_00005","",""
"group_284","","hypothetical protein","2","2","1","2","85","3","49","","1310","1310","1310","","","","","","EPCHNGHC_00006","","PELFPOHB_00006","",""
"group_285","","hypothetical protein","2","2","1","2","86","3","50","","569","569","569","","","","","","EPCHNGHC_00007","","PELFPOHB_00007","",""
"group_286","","hypothetical protein","2","2","1","2","87","3","51","","362","362","362","","","","","","EPCHNGHC_00008","","PELFPOHB_00008","",""
"group_287","","hypothetical protein","2","2","1","2","88","3","52","","221","221","221","","","","","","EPCHNGHC_00009","","PELFPOHB_00009","",""
"group_300","","hypothetical protein","2","2","1","2","72","3","41","","305","305","305","","","","","","","PJBCCOOC_00002","","","BHIFFHLE_00011"
"group_305","","hypothetical protein","2","2","1","2","49","3","91","","275","275","275","","","","","","","PJBCCOOC_00040","PELFPOHB_00043","",""
"group_306","","hypothetical protein","2","2","1","2","48","3","92","","380","380","380","","","","","","","PJBCCOOC_00041","PELFPOHB_00044","",""
"group_307","","hypothetical protein","2","2","1","2","47","3","93","","317","317","317","","","","","","","PJBCCOOC_00042","PELFPOHB_00045","",""
"group_308","","hypothetical protein","2","2","1","2","35","3","106","","383","383","383","","","","","","","PJBCCOOC_00050","PELFPOHB_00053","",""
"group_309","","hypothetical protein","2","2","1","2","32","3","111","","218","218","218","","","","","","","PJBCCOOC_00052","PELFPOHB_00055","",""
"group_310","","hypothetical protein","2","2","1","2","30","3","113","","308","308","308","","","","","","","PJBCCOOC_00054","PELFPOHB_00057","",""
"group_311","","hypothetical protein","2","2","1","2","27","3","115","","293","293","293","","","","","","","PJBCCOOC_00056","PELFPOHB_00059","",""
"group_58","","hypothetical protein","2","2","1","1","84","1","32","","209","638","423","","","","FLMFDIIP_00028","","","","","NHPCAKGO_00050",""
"group_76","","helix-turn-helix DNA binding domain protein","2","2","1","1","153","1","3","","236","254","245","","","","FLMFDIIP_00062","","","","","NHPCAKGO_00017",""
"group_78","","hypothetical protein","2","2","1","2","94","3","55","","179","179","179","","","","","","EPCHNGHC_00012","","PELFPOHB_00012","",""
"group_82","","hypothetical protein","2","2","1","2","89","3","24","","317","323","320","","","","","","","PJBCCOOC_00006","","","BHIFFHLE_00014"
"group_83","","hypothetical protein","2","2","1","2","81","3","34","","212","212","212","","","","","","","","PELFPOHB_00002","","BHIFFHLE_00008"
"group_100","","hypothetical protein","1","1","1","1","118","1","111","","755","755","755","DFKLECKL_00020","","","","","","","","",""
"group_101","","hypothetical protein","1","1","1","1","117","1","110","","239","239","239","DFKLECKL_00021","","","","","","","","",""
"group_102","","hypothetical protein","1","1","1","1","116","1","109","","437","437","437","DFKLECKL_00022","","","","","","","","",""
"group_103","","hypothetical protein","1","1","1","1","115","1","108","","377","377","377","DFKLECKL_00023","","","","","","","","",""
"group_104","","hypothetical protein","1","1","1","1","114","1","107","","242","242","242","DFKLECKL_00024","","","","","","","","",""
"group_105","","hypothetical protein","1","1","1","1","113","1","106","","353","353","353","DFKLECKL_00025","","","","","","","","",""
"group_106","","hypothetical protein","1","1","1","1","112","1","105","","209","209","209","DFKLECKL_00026","","","","","","","","",""
"group_107","","hypothetical protein","1","1","1","1","111","1","104","","866","866","866","DFKLECKL_00027","","","","","","","","",""
"group_108","","hypothetical protein","1","1","1","1","110","1","103","","1043","1043","1043","DFKLECKL_00028","","","","","","","","",""
"group_109","","hypothetical protein","1","1","1","1","109","1","102","","476","476","476","DFKLECKL_00029","","","","","","","","",""
"group_110","","hypothetical protein","1","1","1","1","108","1","101","","623","623","623","DFKLECKL_00030","","","","","","","","",""
"group_111","","band-7 like membrane protein","1","1","1","1","107","1","100","","860","860","860","DFKLECKL_00031","","","","","","","","",""
"group_112","","hypothetical protein","1","1","1","1","100","1","98","","302","302","302","DFKLECKL_00033","","","","","","","","",""
"group_113","","hypothetical protein","1","1","1","1","99","1","97","","269","269","269","DFKLECKL_00034","","","","","","","","",""
"group_114","","hypothetical protein","1","1","1","1","98","1","96","","665","665","665","DFKLECKL_00035","","","","","","","","",""
"group_115","","hypothetical protein","1","1","1","1","97","1","95","","164","164","164","DFKLECKL_00036","","","","","","","","",""
"group_116","","hypothetical protein","1","1","1","1","95","1","93","","452","452","452","DFKLECKL_00038","","","","","","","","",""
"group_117","","hypothetical protein","1","1","1","1","94","1","92","","443","443","443","DFKLECKL_00039","","","","","","","","",""
"group_118","","hypothetical protein","1","1","1","1","93","1","91","","410","410","410","DFKLECKL_00040","","","","","","","","",""
"group_119","","hypothetical protein","1","1","1","1","30","1","21","","281","281","281","DFKLECKL_00042","","","","","","","","",""
"group_120","","hypothetical protein","1","1","1","1","29","1","20","","419","419","419","DFKLECKL_00043","","","","","","","","",""
"group_121","","hypothetical protein","1","1","1","1","28","1","19","","314","314","314","DFKLECKL_00044","","","","","","","","",""
"group_122","","hypothetical protein","1","1","1","1","27","1","18","","140","140","140","DFKLECKL_00045","","","","","","","","",""
"group_123","","hypothetical protein","1","1","1","1","26","1","17","","188","188","188","DFKLECKL_00046","","","","","","","","",""
"group_124","","HNH endonuclease","1","1","1","1","25","1","16","","278","278","278","DFKLECKL_00047","","","","","","","","",""
"group_125","","hypothetical protein","1","1","1","1","24","1","15","","197","197","197","DFKLECKL_00048","","","","","","","","",""
"group_126","","portal protein","1","1","1","1","77","1","81","","1484","1484","1484","DFKLECKL_00051","","","","","","","","",""
"group_127","","capsid maturation protease","1","1","1","1","76","1","80","","893","893","893","DFKLECKL_00052","","","","","","","","",""
"group_128","","scaffolding protein","1","1","1","1","75","1","79","","614","614","614","DFKLECKL_00053","","","","","","","","",""
"group_129","","head-to-tail adaptor","1","1","1","1","72","1","75","","374","374","374","DFKLECKL_00056","","","","","","","","",""
"group_130","","hypothetical protein","1","1","1","1","68","1","72","","407","407","407","DFKLECKL_00059","","","","","","","","",""
"group_131","","hypothetical protein","1","1","1","1","65","1","69","","455","455","455","DFKLECKL_00061","","","","","","","","",""
"group_132","","hypothetical protein","1","1","1","1","64","1","68","","3359","3359","3359","DFKLECKL_00062","","","","","","","","",""
"group_134","","hypothetical protein","1","1","1","1","49","1","54","","2498","2498","2498","DFKLECKL_00067","","","","","","","","",""
"group_135","","hypothetical protein","1","1","1","1","48","1","53","","1040","1040","1040","DFKLECKL_00068","","","","","","","","",""
"group_136","","hypothetical protein","1","1","1","1","47","1","52","","365","365","365","DFKLECKL_00069","","","","","","","","",""
"group_137","","hypothetical protein","1","1","1","1","46","1","51","","245","245","245","DFKLECKL_00070","","","","","","","","",""
"group_138","","hypothetical protein","1","1","1","1","45","1","50","","1301","1301","1301","DFKLECKL_00071","","","","","","","","",""
"group_139","","lysin B","1","1","1","1","44","1","49","","1004","1004","1004","DFKLECKL_00072","","","","","","","","",""
"group_140","","hypothetical protein","1","1","1","1","43","1","48","","227","227","227","DFKLECKL_00073","","","","","","","","",""
"group_141","","hypothetical protein","1","1","1","1","42","1","47","","335","335","335","DFKLECKL_00074","","","","","","","","",""
"group_142","","hypothetical protein","1","1","1","1","41","1","46","","581","581","581","DFKLECKL_00075","","","","","","","","",""
"group_143","","hypothetical protein","1","1","1","1","40","1","45","","695","695","695","DFKLECKL_00076","","","","","","","","",""
"group_144","","hypothetical protein","1","1","1","1","39","1","44","","470","470","470","DFKLECKL_00077","","","","","","","","",""
"group_145","","hypothetical protein","1","1","1","1","38","1","43","","497","497","497","DFKLECKL_00078","","","","","","","","",""
"group_146","","hypothetical protein","1","1","1","1","37","1","42","","1646","1646","1646","DFKLECKL_00079","","","","","","","","",""
"group_147","esxE","ESAT-6-like protein EsxE","1","1","1","1","36","1","41","","290","290","290","DFKLECKL_00080","","","","","","","","",""
"group_148","","hypothetical protein","1","1","1","1","35","1","40","","191","191","191","DFKLECKL_00081","","","","","","","","",""
"group_149","","hypothetical protein","1","1","1","3","10","2","11","","404","404","404","","PPBNGNAP_00001","","","","","","","",""
"group_150","","hypothetical protein","1","1","1","3","11","2","12","","1661","1661","1661","","PPBNGNAP_00002","","","","","","","",""
"group_151","","portal protein","1","1","1","3","12","2","13","","1505","1505","1505","","PPBNGNAP_00003","","","","","","","",""
"group_152","","capsid maturation protease","1","1","1","3","13","2","14","","1784","1784","1784","","PPBNGNAP_00004","","","","","","","",""
"group_153","","hypothetical protein","1","1","1","3","14","2","15","","191","191","191","","PPBNGNAP_00005","","","","","","","",""
"group_154","","hypothetical protein","1","1","1","3","15","2","16","","608","608","608","","PPBNGNAP_00006","","","","","","","",""
"group_155","","capsid decoration protein","1","1","1","3","16","2","17","","374","374","374","","PPBNGNAP_00007","","","","","","","",""
"group_156","","major capsid protein","1","1","1","3","17","2","18","","1037","1037","1037","","PPBNGNAP_00008","","","","","","","",""
"group_157","","hypothetical protein","1","1","1","3","18","2","19","","197","197","197","","PPBNGNAP_00009","","","","","","","",""
"group_158","","hypothetical protein","1","1","1","3","19","2","20","","389","389","389","","PPBNGNAP_00010","","","","","","","",""
"group_159","","hypothetical protein","1","1","1","3","20","2","21","","365","365","365","","PPBNGNAP_00011","","","","","","","",""
"group_160","","hypothetical protein","1","1","1","3","21","2","22","","266","266","266","","PPBNGNAP_00012","","","","","","","",""
"group_161","","tail terminator","1","1","1","3","22","2","23","","428","428","428","","PPBNGNAP_00013","","","","","","","",""
"group_162","","hypothetical protein","1","1","1","3","23","2","24","","608","608","608","","PPBNGNAP_00014","","","","","","","",""
"group_163","","tail assembly chaperone","1","1","1","3","24","2","25","","482","482","482","","PPBNGNAP_00015","","","","","","","",""
"group_164","","tapemeasure","1","1","1","3","25","2","26","","4037","4037","4037","","PPBNGNAP_00016","","","","","","","",""
"group_165","","minor tail protein","1","1","1","3","26","2","27","","1136","1136","1136","","PPBNGNAP_00017","","","","","","","",""
"group_166","","minor tail protein","1","1","1","3","27","2","28","","1751","1751","1751","","PPBNGNAP_00018","","","","","","","",""
"group_167","","minor tail protein","1","1","1","3","28","2","29","","515","515","515","","PPBNGNAP_00019","","","","","","","",""
"group_168","","minor tail protein","1","1","1","3","29","2","30","","1085","1085","1085","","PPBNGNAP_00020","","","","","","","",""
"group_169","","hypothetical protein","1","1","1","3","30","2","31","","320","320","320","","PPBNGNAP_00021","","","","","","","",""
"group_170","","hypothetical protein","1","1","1","3","31","2","32","","1985","1985","1985","","PPBNGNAP_00022","","","","","","","",""
"group_171","","hypothetical protein","1","1","1","3","32","2","33","","557","557","557","","PPBNGNAP_00023","","","","","","","",""
"group_172","","hypothetical protein","1","1","1","3","33","2","34","","1049","1049","1049","","PPBNGNAP_00024","","","","","","","",""
"group_173","","hypothetical protein","1","1","1","3","34","2","35","","362","362","362","","PPBNGNAP_00025","","","","","","","",""
"group_174","","hypothetical protein","1","1","1","3","35","2","36","","776","776","776","","PPBNGNAP_00026","","","","","","","",""
"group_175","","lysin A","1","1","1","3","36","2","37","","731","731","731","","PPBNGNAP_00027","","","","","","","",""
"group_176","","DNA methyltransferase","1","1","1","3","37","2","38","","1244","1244","1244","","PPBNGNAP_00028","","","","","","","",""
"group_177","","hypothetical protein","1","1","1","3","38","2","39","","485","485","485","","PPBNGNAP_00029","","","","","","","",""
"group_178","","membrane protein","1","1","1","3","39","2","40","","347","347","347","","PPBNGNAP_00030","","","","","","","",""
"group_179","","hypothetical protein","1","1","1","3","40","2","41","","371","371","371","","PPBNGNAP_00031","","","","","","","",""
"group_180","","hypothetical protein","1","1","1","3","41","2","42","","284","284","284","","PPBNGNAP_00032","","","","","","","",""
"group_181","","hypothetical protein","1","1","1","3","42","2","43","","290","290","290","","PPBNGNAP_00033","","","","","","","",""
"group_182","","hypothetical protein","1","1","1","3","43","2","44","","494","494","494","","PPBNGNAP_00034","","","","","","","",""
"group_183","","hypothetical protein","1","1","1","3","44","2","45","","365","365","365","","PPBNGNAP_00035","","","","","","","",""
"group_184","","hypothetical protein","1","1","1","3","45","2","46","","401","401","401","","PPBNGNAP_00036","","","","","","","",""
"group_185","","hypothetical protein","1","1","1","3","46","2","10","","440","440","440","","PPBNGNAP_00037","","","","","","","",""
"group_186","","helix-turn-helix DNA binding domain protein","1","1","1","3","9","2","9","","740","740","740","","PPBNGNAP_00038","","","","","","","",""
"group_187","","hypothetical protein","1","1","1","3","8","2","8","","257","257","257","","PPBNGNAP_00039","","","","","","","",""
"group_188","","RusA-like resolvase","1","1","1","3","7","2","7","","407","407","407","","PPBNGNAP_00040","","","","","","","",""
"group_189","","hypothetical protein","1","1","1","3","6","2","6","","242","242","242","","PPBNGNAP_00041","","","","","","","",""
"group_190","","NrdH-like glutaredoxin","1","1","1","3","5","2","5","","248","248","248","","PPBNGNAP_00042","","","","","","","",""
"group_191","","hypothetical protein","1","1","1","3","4","2","4","","368","368","368","","PPBNGNAP_00043","","","","","","","",""
"group_192","","hypothetical protein","1","1","1","3","3","2","3","","251","251","251","","PPBNGNAP_00044","","","","","","","",""
"group_193","","hypothetical protein","1","1","1","3","2","2","2","","596","596","596","","PPBNGNAP_00045","","","","","","","",""
"group_194","","tyrosine integrase","1","1","1","3","1","2","1","","1205","1205","1205","","PPBNGNAP_00046","","","","","","","",""
"group_195","","hypothetical protein","1","1","1","2","66","3","46","","296","296","296","","","LPPHNCFD_00002","","","","","","",""
"esxE","","ESAT-6-like protein EsxE","1","1","1","2","65","3","45","","299","299","299","","","LPPHNCFD_00003","","","","","","",""
"group_197","","hypothetical protein","1","1","1","2","64","3","44","","1415","1415","1415","","","LPPHNCFD_00004","","","","","","",""
"group_198","","hypothetical protein","1","1","1","2","63","3","43","","488","488","488","","","LPPHNCFD_00005","","","","","","",""
"group_199","","hypothetical protein","1","1","1","2","90","3","42","","272","272","272","","","LPPHNCFD_00006","","","","","","",""
"group_204","","major capsid protein","1","1","1","2","2","3","79","","908","908","908","","","LPPHNCFD_00030","","","","","","",""
"group_205","","scaffolding protein","1","1","1","2","1","3","80","","569","569","569","","","LPPHNCFD_00031","","","","","","",""
"group_206","","portal protein","1","1","1","2","57","3","20","","1472","1472","1472","","","LPPHNCFD_00033","","","","","","",""
"group_210","","hypothetical protein","1","1","1","2","4","3","19","","272","272","272","","","LPPHNCFD_00040","","","","","","",""
"group_211","","hypothetical protein","1","1","1","2","43","3","18","","380","380","380","","","LPPHNCFD_00041","","","","","","",""
"group_212","","hypothetical protein","1","1","1","2","44","3","17","","278","278","278","","","LPPHNCFD_00042","","","","","","",""
"group_213","","hypothetical protein","1","1","1","2","45","3","16","","224","224","224","","","LPPHNCFD_00043","","","","","","",""
"group_215","","hypothetical protein","1","1","1","2","9","3","15","","209","209","209","","","LPPHNCFD_00049","","","","","","",""
"group_216","","hypothetical protein","1","1","1","2","10","3","104","","248","248","248","","","LPPHNCFD_00050","","","","","","",""
"group_217","","hypothetical protein","1","1","1","2","33","3","107","","395","395","395","","","LPPHNCFD_00052","","","","","","",""
"group_218","","hypothetical protein","1","1","1","2","12","3","109","","551","551","551","","","LPPHNCFD_00054","","","","","","",""
"group_228","","hypothetical protein","1","1","1","2","16","3","2","","368","368","368","","","LPPHNCFD_00068","","","","","","",""
"group_229","","hypothetical protein","1","1","1","2","15","3","1","","785","785","785","","","LPPHNCFD_00069","","","","","","",""
"group_230","","hypothetical protein","1","1","1","1","50","1","55","","245","245","245","","","","FLMFDIIP_00001","","","","","",""
"group_231","","hypothetical protein","1","1","1","1","51","1","56","","662","662","662","","","","FLMFDIIP_00002","","","","","",""
"group_232","","hypothetical protein","1","1","1","1","52","1","57","","338","338","338","","","","FLMFDIIP_00003","","","","","",""
"group_233","","endonuclease","1","1","1","1","53","1","58","","452","452","452","","","","FLMFDIIP_00004","","","","","",""
"group_234","","hypothetical protein","1","1","1","1","54","1","59","","485","485","485","","","","FLMFDIIP_00005","","","","","",""
"group_235","","hypothetical protein","1","1","1","1","55","1","60","","296","296","296","","","","FLMFDIIP_00006","","","","","",""
"group_236","","hypothetical protein","1","1","1","1","56","1","61","","368","368","368","","","","FLMFDIIP_00007","","","","","",""
"group_237","","hypothetical protein","1","1","1","1","57","1","62","","209","209","209","","","","FLMFDIIP_00008","","","","","",""
"group_238","","hypothetical protein","1","1","1","1","58","1","63","","1184","1184","1184","","","","FLMFDIIP_00009","","","","","",""
"group_25","","hypothetical protein","1","1","1","1","129","1","165","","545","545","545","","","","","HDJDBBOK_00066","","","","",""
"group_250","","hypothetical protein","1","1","1","1","11","1","118","","152","152","152","","","","FLMFDIIP_00056","","","","","",""
"group_257","","hypothetical protein","1","1","1","1","86","1","85","","188","188","188","","","","","HDJDBBOK_00020","","","","",""
"group_258","","hypothetical protein","1","1","1","1","87","1","86","","176","176","176","","","","","HDJDBBOK_00021","","","","",""
"group_259","","hypothetical protein","1","1","1","1","88","1","87","","140","140","140","","","","","HDJDBBOK_00022","","","","",""
"group_260","","hypothetical protein","1","1","1","1","90","1","89","","848","848","848","","","","","HDJDBBOK_00024","","","","",""
"group_261","","hypothetical protein","1","1","1","1","22","1","25","","506","506","506","","","","","HDJDBBOK_00027","","","","",""
"group_262","","recombination endonuclease VII","1","1","1","1","21","1","24","","494","494","494","","","","","HDJDBBOK_00028","","","","",""
"group_263","","DNA primase","1","1","1","1","20","1","23","","1682","1682","1682","","","","","HDJDBBOK_00029","","","","",""
"group_264","","band-7 like membrane protein","1","1","1","1","103","1","14","","860","860","860","","","","","HDJDBBOK_00034","","","","",""
"group_266","","hypothetical protein","1","1","1","1","6","1","124","","347","347","347","","","","","HDJDBBOK_00041","","","","",""
"group_267","","hypothetical protein","1","1","1","1","163","1","130","","275","275","275","","","","","HDJDBBOK_00046","","","","",""
"group_268","","hypothetical protein","1","1","1","1","162","1","131","","287","287","287","","","","","HDJDBBOK_00047","","","","",""
"group_269","","hypothetical protein","1","1","1","1","160","1","133","","197","197","197","","","","","HDJDBBOK_00049","","","","",""
"group_270","","DNA adenine methylase","1","1","1","1","159","1","134","","725","725","725","","","","","HDJDBBOK_00050","","","","",""
"group_271","","hypothetical protein","1","1","1","1","155","1","137","","281","281","281","","","","","HDJDBBOK_00053","","","","",""
"group_272","","helix-turn-helix DNA binding domain protein","1","1","1","1","150","1","140","","236","236","236","","","","","HDJDBBOK_00055","","","","",""
"group_273","","hypothetical protein","1","1","1","1","149","1","141","","767","767","767","","","","","HDJDBBOK_00056","","","","",""
"group_274","","LexA-like repressor","1","1","1","1","144","1","146","","197","197","197","","","","","HDJDBBOK_00058","","","","",""
"group_275","","hypothetical protein","1","1","1","1","143","1","145","","233","233","233","","","","","HDJDBBOK_00059","","","","",""
"group_276","","hypothetical protein","1","1","1","1","135","1","155","","164","164","164","","","","","HDJDBBOK_00061","","","","",""
"group_282","","hypothetical protein","1","1","1","2","73","3","26","","278","278","278","","","","","","EPCHNGHC_00002","","","",""
"group_288","","hypothetical protein","1","1","1","2","60","3","21","","338","338","338","","","","","","EPCHNGHC_00032","","","",""
"group_290","","hypothetical protein","1","1","1","2","3","3","88","","401","401","401","","","","","","EPCHNGHC_00042","","","",""
"group_291","","hypothetical protein","1","1","1","2","42","3","87","","1442","1442","1442","","","","","","EPCHNGHC_00043","","","",""
"group_292","","hypothetical protein","1","1","1","2","5","3","95","","236","236","236","","","","","","EPCHNGHC_00045","","","",""
"group_293","","helix-turn-helix DNA binding domain protein","1","1","1","2","6","3","94","","863","863","863","","","","","","EPCHNGHC_00046","","","",""
"group_294","","hypothetical protein","1","1","1","2","7","3","101","","740","740","740","","","","","","EPCHNGHC_00048","","","",""
"group_295","","hypothetical protein","1","1","1","2","8","3","102","","170","170","170","","","","","","EPCHNGHC_00050","","","",""
"group_296","","hypothetical protein","1","1","1","2","11","3","108","","395","395","395","","","","","","EPCHNGHC_00052","","","",""
"group_297","","hypothetical protein","1","1","1","2","29","3","14","","551","551","551","","","","","","EPCHNGHC_00054","","","",""
"group_298","","hypothetical protein","1","1","1","2","14","3","12","","236","236","236","","","","","","EPCHNGHC_00057","","","",""
"group_299","","excise","1","1","1","2","13","3","13","","233","233","233","","","","","","EPCHNGHC_00058","","","",""
"group_301","","hypothetical protein","1","1","1","2","69","3","38","","1493","1493","1493","","","","","","","PJBCCOOC_00003","","",""
"group_302","","hypothetical protein","1","1","1","2","68","3","37","","284","284","284","","","","","","","PJBCCOOC_00004","","",""
"group_303","","hypothetical protein","1","1","1","2","67","3","36","","314","314","314","","","","","","","PJBCCOOC_00005","","",""
"group_304","","hypothetical protein","1","1","1","2","62","3","22","","194","194","194","","","","","","","PJBCCOOC_00010","","",""
"group_312","","hypothetical protein","1","1","1","2","98","3","60","","341","341","341","","","","","","","","PELFPOHB_00016","",""
"group_313","","hypothetical protein","1","1","1","1","124","1","160","","449","449","449","","","","","","","","","NHPCAKGO_00001",""
"group_314","","Putative short-chain type dehydrogenase/reductase","1","1","1","1","125","1","161","","923","923","923","","","","","","","","","NHPCAKGO_00002",""
"whiB3","","Redox-responsive transcriptional regulator WhiB3","1","1","1","1","131","1","1","","302","302","302","","","","","","","","","NHPCAKGO_00008",""
"group_316","","toxin","1","1","1","1","146","1","143","","260","260","260","","","","","","","","","NHPCAKGO_00013",""
"group_317","","hypothetical protein","1","1","1","1","83","1","31","","443","443","443","","","","","","","","","NHPCAKGO_00051",""
"group_318","","hypothetical protein","1","1","1","1","80","1","33","","233","233","233","","","","","","","","","NHPCAKGO_00052",""
"group_319","","hypothetical protein","1","1","1","2","74","3","27","","434","434","434","","","","","","","","","","BHIFFHLE_00001"
"group_320","","hypothetical protein","1","1","1","2","75","3","28","","695","695","695","","","","","","","","","","BHIFFHLE_00002"
"group_321","","hypothetical protein","1","1","1","2","76","3","29","","692","692","692","","","","","","","","","","BHIFFHLE_00003"
"group_322","","Virulent PATRIC_VF|Rv3849 hypothetical protein [Mycobacterium tuberculosis H37Rv]","1","1","1","2","77","3","30","","422","422","422","","","","","","","","","","BHIFFHLE_00004"
"group_323","","hypothetical protein","1","1","1","2","78","3","31","","1157","1157","1157","","","","","","","","","","BHIFFHLE_00005"
"group_324","","hypothetical protein","1","1","1","2","79","3","32","","1145","1145","1145","","","","","","","","","","BHIFFHLE_00006"
"group_325","","hypothetical protein","1","1","1","2","71","3","40","","1502","1502","1502","","","","","","","","","","BHIFFHLE_00012"
"group_326","","hypothetical protein","1","1","1","2","70","3","39","","455","455","455","","","","","","","","","","BHIFFHLE_00013"
"group_327","","hypothetical protein","1","1","1","2","95","3","23","","164","164","164","","","","","","","","","","BHIFFHLE_00018"
"group_84","","hypothetical protein","1","1","1","1","136","1","149","","446","446","446","DFKLECKL_00001","","","","","","","","",""
"group_85","","hypothetical protein","1","1","1","1","137","1","150","","323","323","323","DFKLECKL_00002","","","","","","","","",""
"group_86","","hypothetical protein","1","1","1","1","138","1","151","","395","395","395","DFKLECKL_00003","","","","","","","","",""
"group_87","","hypothetical protein","1","1","1","1","139","1","152","","668","668","668","DFKLECKL_00004","","","","","","","","",""
"group_88","","hypothetical protein","1","1","1","1","140","1","153","","1835","1835","1835","DFKLECKL_00005","","","","","","","","",""
"group_89","","hypothetical protein","1","1","1","1","142","1","148","","479","479","479","DFKLECKL_00007","","","","","","","","",""
"group_90","","hypothetical protein","1","1","1","1","12","1","4","","983","983","983","DFKLECKL_00009","","","","","","","","",""
"group_91","","hypothetical protein","1","1","1","1","13","1","5","","284","284","284","DFKLECKL_00010","","","","","","","","",""
"group_92","","hypothetical protein","1","1","1","1","14","1","6","","224","224","224","DFKLECKL_00011","","","","","","","","",""
"group_93","","hypothetical protein","1","1","1","1","15","1","7","","185","185","185","DFKLECKL_00012","","","","","","","","",""
"group_94","","hypothetical protein","1","1","1","1","16","1","8","","287","287","287","DFKLECKL_00013","","","","","","","","",""
"group_95","","hypothetical protein","1","1","1","1","123","1","116","","197","197","197","DFKLECKL_00015","","","","","","","","",""
"group_96","","hypothetical protein","1","1","1","1","122","1","115","","299","299","299","DFKLECKL_00016","","","","","","","","",""
"group_97","","hypothetical protein","1","1","1","1","121","1","114","","290","290","290","DFKLECKL_00017","","","","","","","","",""
"group_98","","hypothetical protein","1","1","1","1","120","1","113","","275","275","275","DFKLECKL_00018","","","","","","","","",""
"group_99","","hypothetical protein","1","1","1","1","119","1","112","","398","398","398","DFKLECKL_00019","","","","","","","","",""
