"Gene","Non-unique Gene name","Annotation","No. isolates","No. sequences","Avg sequences per isolate","Genome Fragment","Order within Fragment","Accessory Fragment","Accessory Order with Fragment","QC","Min group size nuc","Max group size nuc","Avg group size nuc","F1","F10","F11","F12","F13","F14","F15","F16","F2","F3","F4","F5","F6","F7","F8","F9"
"group_1","","hypothetical protein","14","14","1","1","231","1","199","","398","398","398","JMBMBIIH_00019","GBDOALGK_00019","BGEGJEIL_00097","APJAMGLI_00037","","","OPBPLNAK_00017","LIBCBMOH_00017","PLOJBKHJ_00028","DEFAMCNH_00058","ALGMKNDJ_00019","JEAPEHFJ_00019","NCHJCFBK_00035","OCHLMLOL_00028","CKOJEDDJ_00020","PPENBANP_00019"
"group_35","","hypothetical protein","14","14","1","1","254","1","176","","242","299","246","JMBMBIIH_00031","GBDOALGK_00029","BGEGJEIL_00105","APJAMGLI_00049","","","OPBPLNAK_00009","LIBCBMOH_00009","PLOJBKHJ_00016","DEFAMCNH_00070","ALGMKNDJ_00029","JEAPEHFJ_00008","NCHJCFBK_00025","OCHLMLOL_00016","CKOJEDDJ_00009","PPENBANP_00029"
"dap","","D-aminopeptidase","14","14","1","1","228","1","223","","4103","4124","4115","JMBMBIIH_00018","GBDOALGK_00018","BGEGJEIL_00096","APJAMGLI_00036","","","OPBPLNAK_00018","LIBCBMOH_00018","PLOJBKHJ_00029","DEFAMCNH_00057","ALGMKNDJ_00018","JEAPEHFJ_00020","NCHJCFBK_00036","OCHLMLOL_00029","CKOJEDDJ_00021","PPENBANP_00018"
"group_17","","hypothetical protein","13","13","1","1","250","1","180","","224","227","224","JMBMBIIH_00029","GBDOALGK_00027","","APJAMGLI_00047","","","OPBPLNAK_00010","LIBCBMOH_00010","PLOJBKHJ_00018","DEFAMCNH_00068","ALGMKNDJ_00027","JEAPEHFJ_00009","NCHJCFBK_00027","OCHLMLOL_00018","CKOJEDDJ_00011","PPENBANP_00027"
"group_26","","MRE11 double-strand break endo/exonuclease","13","13","1","1","248","1","187","","1127","1202","1181","JMBMBIIH_00028","GBDOALGK_00026","BGEGJEIL_00104","APJAMGLI_00046","","","OPBPLNAK_00011","LIBCBMOH_00011","","DEFAMCNH_00067","ALGMKNDJ_00026","JEAPEHFJ_00011","NCHJCFBK_00028","OCHLMLOL_00020","CKOJEDDJ_00012","PPENBANP_00026"
"group_10","","capsid protein","11","11","1","1","192","1","237","","830","830","830","JMBMBIIH_00005","GBDOALGK_00005","BGEGJEIL_00083","APJAMGLI_00023","","","","","PLOJBKHJ_00042","DEFAMCNH_00044","ALGMKNDJ_00005","JEAPEHFJ_00033","NCHJCFBK_00049","OCHLMLOL_00042","","PPENBANP_00005"
"group_11","","head-to-tail connector complex protein","11","11","1","1","194","1","235","","335","335","335","JMBMBIIH_00007","GBDOALGK_00007","BGEGJEIL_00085","APJAMGLI_00025","","","","","PLOJBKHJ_00040","DEFAMCNH_00046","ALGMKNDJ_00007","JEAPEHFJ_00031","NCHJCFBK_00047","OCHLMLOL_00040","","PPENBANP_00007"
"group_12","","hypothetical protein","11","11","1","1","195","1","234","","266","266","266","JMBMBIIH_00008","GBDOALGK_00008","BGEGJEIL_00086","APJAMGLI_00026","","","","","PLOJBKHJ_00039","DEFAMCNH_00047","ALGMKNDJ_00008","JEAPEHFJ_00030","NCHJCFBK_00046","OCHLMLOL_00039","","PPENBANP_00008"
"group_13","","minor tail protein","11","11","1","1","201","1","227","","1103","1109","1105","JMBMBIIH_00014","GBDOALGK_00014","BGEGJEIL_00092","APJAMGLI_00032","","","","","PLOJBKHJ_00033","DEFAMCNH_00053","ALGMKNDJ_00014","JEAPEHFJ_00024","NCHJCFBK_00040","OCHLMLOL_00033","","PPENBANP_00014"
"group_14","","minor tail protein","11","11","1","1","202","1","226","","1796","1796","1796","JMBMBIIH_00015","GBDOALGK_00015","BGEGJEIL_00093","APJAMGLI_00033","","","","","PLOJBKHJ_00032","DEFAMCNH_00054","ALGMKNDJ_00015","JEAPEHFJ_00023","NCHJCFBK_00039","OCHLMLOL_00032","","PPENBANP_00015"
"group_19","","lysin B","11","11","1","1","246","1","189","","914","914","914","","GBDOALGK_00024","","APJAMGLI_00043","","","OPBPLNAK_00012","LIBCBMOH_00012","","DEFAMCNH_00064","ALGMKNDJ_00024","JEAPEHFJ_00013","NCHJCFBK_00030","OCHLMLOL_00022","CKOJEDDJ_00014","PPENBANP_00024"
"group_27","","scaffolding protein","11","11","1","1","191","1","238","","614","620","615","JMBMBIIH_00004","GBDOALGK_00004","BGEGJEIL_00082","APJAMGLI_00022","","","","","PLOJBKHJ_00043","DEFAMCNH_00043","ALGMKNDJ_00004","JEAPEHFJ_00034","NCHJCFBK_00050","OCHLMLOL_00043","","PPENBANP_00004"
"group_28","","head-to-tail adaptor","11","11","1","1","193","1","236","","572","572","572","JMBMBIIH_00006","GBDOALGK_00006","BGEGJEIL_00084","APJAMGLI_00024","","","","","PLOJBKHJ_00041","DEFAMCNH_00045","ALGMKNDJ_00006","JEAPEHFJ_00032","NCHJCFBK_00048","OCHLMLOL_00041","","PPENBANP_00006"
"group_29","","minor tail protein","11","11","1","1","196","1","233","","377","377","377","JMBMBIIH_00009","GBDOALGK_00009","BGEGJEIL_00087","APJAMGLI_00027","","","","","PLOJBKHJ_00038","DEFAMCNH_00048","ALGMKNDJ_00009","JEAPEHFJ_00029","NCHJCFBK_00045","OCHLMLOL_00038","","PPENBANP_00009"
"group_3","","tapemeasure","11","11","1","1","200","1","228","","3998","4013","4008","JMBMBIIH_00013","GBDOALGK_00013","BGEGJEIL_00091","APJAMGLI_00031","","","","","PLOJBKHJ_00034","DEFAMCNH_00052","ALGMKNDJ_00013","JEAPEHFJ_00025","NCHJCFBK_00041","OCHLMLOL_00034","","PPENBANP_00013"
"group_30","","tail assembly chaperone","11","11","1","1","199","1","229","","311","464","324","JMBMBIIH_00012","GBDOALGK_00012","BGEGJEIL_00090","APJAMGLI_00030","","","","","PLOJBKHJ_00035","DEFAMCNH_00051","ALGMKNDJ_00012","JEAPEHFJ_00026","NCHJCFBK_00042","OCHLMLOL_00035","","PPENBANP_00012"
"group_31","","hypothetical protein","11","11","1","1","203","1","225","","518","518","518","JMBMBIIH_00016","GBDOALGK_00016","BGEGJEIL_00094","APJAMGLI_00034","","","","","PLOJBKHJ_00031","DEFAMCNH_00055","ALGMKNDJ_00016","JEAPEHFJ_00022","NCHJCFBK_00038","OCHLMLOL_00031","","PPENBANP_00016"
"group_36","","integrase","11","11","1","1","282","1","172","","1259","1295","1278","JMBMBIIH_00034","GBDOALGK_00032","","APJAMGLI_00052","","","OPBPLNAK_00006","LIBCBMOH_00006","","DEFAMCNH_00073","ALGMKNDJ_00032","JEAPEHFJ_00005","NCHJCFBK_00022","","CKOJEDDJ_00006","PPENBANP_00032"
"group_5","","portal protein","11","11","1","1","190","1","239","","1364","1367","1364","JMBMBIIH_00003","GBDOALGK_00003","BGEGJEIL_00081","APJAMGLI_00021","","","","","PLOJBKHJ_00044","DEFAMCNH_00042","ALGMKNDJ_00003","JEAPEHFJ_00035","NCHJCFBK_00051","OCHLMLOL_00044","","PPENBANP_00003"
"group_72","","tail assembly chaperone","11","11","1","1","197","1","232","","587","587","587","JMBMBIIH_00010","GBDOALGK_00010","BGEGJEIL_00088","APJAMGLI_00028","","","","","PLOJBKHJ_00037","DEFAMCNH_00049","ALGMKNDJ_00010","JEAPEHFJ_00028","NCHJCFBK_00044","OCHLMLOL_00037","","PPENBANP_00010"
"group_74","","minor tail protein","11","11","1","1","204","1","224","","1085","1085","1085","JMBMBIIH_00017","GBDOALGK_00017","BGEGJEIL_00095","APJAMGLI_00035","","","","","PLOJBKHJ_00030","DEFAMCNH_00056","ALGMKNDJ_00017","JEAPEHFJ_00021","NCHJCFBK_00037","OCHLMLOL_00030","","PPENBANP_00017"
"group_18","","tail assembly chaperone","10","10","1","1","198","1","230","","266","266","266","","GBDOALGK_00011","BGEGJEIL_00089","APJAMGLI_00029","","","","","PLOJBKHJ_00036","DEFAMCNH_00050","ALGMKNDJ_00011","JEAPEHFJ_00027","NCHJCFBK_00043","OCHLMLOL_00036","","PPENBANP_00011"
"group_32","","hypothetical protein","10","10","1","1","14","1","196","","1220","1220","1220","JMBMBIIH_00020","GBDOALGK_00020","","APJAMGLI_00038","","","OPBPLNAK_00016","LIBCBMOH_00016","","DEFAMCNH_00059","ALGMKNDJ_00020","","NCHJCFBK_00034","","CKOJEDDJ_00019","PPENBANP_00020"
"group_75","","minor tail protein","10","10","1","1","13","1","195","","437","437","437","JMBMBIIH_00021","GBDOALGK_00021","","APJAMGLI_00039","","","OPBPLNAK_00015","LIBCBMOH_00015","","DEFAMCNH_00060","ALGMKNDJ_00021","","NCHJCFBK_00033","","CKOJEDDJ_00018","PPENBANP_00021"
"group_34","","hypothetical protein","9","9","1","1","251","1","177","","239","320","248","JMBMBIIH_00030","GBDOALGK_00028","","APJAMGLI_00048","","","","","PLOJBKHJ_00017","DEFAMCNH_00069","ALGMKNDJ_00028","","NCHJCFBK_00026","OCHLMLOL_00017","","PPENBANP_00028"
"group_37","","terminase small subunit","9","9","1","1","188","1","241","","287","458","381","JMBMBIIH_00001","GBDOALGK_00001","","APJAMGLI_00019","","","","","PLOJBKHJ_00046","DEFAMCNH_00040","ALGMKNDJ_00001","","NCHJCFBK_00053","OCHLMLOL_00046","","PPENBANP_00001"
"group_43","","hypothetical protein","9","9","1","1","268","1","167","","383","395","384","","GBDOALGK_00051","","","","","OPBPLNAK_00002","LIBCBMOH_00002","","DEFAMCNH_00093","ALGMKNDJ_00051","JEAPEHFJ_00002","NCHJCFBK_00004","","CKOJEDDJ_00002","PPENBANP_00051"
"group_7","","hypothetical protein","9","9","1","1","269","1","170","","272","626","390","","GBDOALGK_00048","","","","","OPBPLNAK_00004","LIBCBMOH_00004","","DEFAMCNH_00090","ALGMKNDJ_00048","JEAPEHFJ_00003","NCHJCFBK_00007","","CKOJEDDJ_00004","PPENBANP_00048"
"group_71","","terminase large subunit","9","9","1","1","189","1","240","","1652","1652","1652","JMBMBIIH_00002","GBDOALGK_00002","","APJAMGLI_00020","","","","","PLOJBKHJ_00045","DEFAMCNH_00041","ALGMKNDJ_00002","","NCHJCFBK_00052","OCHLMLOL_00045","","PPENBANP_00002"
"group_8","","hypothetical protein","9","9","1","1","267","1","166","","353","614","526","","GBDOALGK_00052","","","","","OPBPLNAK_00001","LIBCBMOH_00001","","DEFAMCNH_00094","ALGMKNDJ_00052","JEAPEHFJ_00001","NCHJCFBK_00003","","CKOJEDDJ_00001","PPENBANP_00052"
"group_91","","Butanoate coenzyme A-transferase","9","9","1","1","277","1","171","","1322","1322","1322","","GBDOALGK_00047","","","","","OPBPLNAK_00005","LIBCBMOH_00005","","DEFAMCNH_00089","ALGMKNDJ_00047","JEAPEHFJ_00004","NCHJCFBK_00008","","CKOJEDDJ_00005","PPENBANP_00047"
"group_33","","lysin A","8","8","1","1","238","1","194","","1322","1331","1324","JMBMBIIH_00023","GBDOALGK_00022","","APJAMGLI_00041","","","","","PLOJBKHJ_00024","DEFAMCNH_00062","ALGMKNDJ_00022","","NCHJCFBK_00032","","","PPENBANP_00022"
"group_92","","hypothetical protein","8","8","1","1","264","1","169","","239","239","239","","GBDOALGK_00049","","","","","OPBPLNAK_00003","LIBCBMOH_00003","","DEFAMCNH_00091","ALGMKNDJ_00049","","NCHJCFBK_00006","","CKOJEDDJ_00003","PPENBANP_00049"
"group_2","","hypothetical protein","7","7","1","1","235","1","192","","134","167","142","JMBMBIIH_00022","","","APJAMGLI_00040","","","","","PLOJBKHJ_00025","DEFAMCNH_00061","","JEAPEHFJ_00016","","OCHLMLOL_00025","CKOJEDDJ_00017",""
"group_20","","hypothetical protein","7","7","1","1","281","1","154","","263","284","275","","GBDOALGK_00031","BGEGJEIL_00107","APJAMGLI_00051","","","","","","DEFAMCNH_00072","ALGMKNDJ_00031","","NCHJCFBK_00023","","","PPENBANP_00031"
"group_6","","hypothetical protein","7","7","1","1","284","1","174","","263","377","331","JMBMBIIH_00032","","","","","","OPBPLNAK_00008","LIBCBMOH_00008","PLOJBKHJ_00015","","","JEAPEHFJ_00007","","OCHLMLOL_00015","CKOJEDDJ_00008",""
"group_80","","hypothetical protein","7","7","1","1","253","1","175","","362","362","362","","GBDOALGK_00030","BGEGJEIL_00106","APJAMGLI_00050","","","","","","DEFAMCNH_00071","ALGMKNDJ_00030","","NCHJCFBK_00024","","","PPENBANP_00030"
"group_38","","hypothetical protein","6","6","1","1","241","1","130","","173","209","185","","GBDOALGK_00025","","APJAMGLI_00044","","","","","","DEFAMCNH_00065","ALGMKNDJ_00025","","NCHJCFBK_00029","","","PPENBANP_00025"
"group_40","","hypothetical protein","6","6","1","1","260","1","148","","239","281","253","","GBDOALGK_00035","","APJAMGLI_00055","","","","","","DEFAMCNH_00076","ALGMKNDJ_00035","","NCHJCFBK_00020","","","PPENBANP_00035"
"group_79","","hypothetical protein","6","6","1","1","237","1","193","","416","416","416","","GBDOALGK_00023","","APJAMGLI_00042","","","","","","DEFAMCNH_00063","ALGMKNDJ_00023","","NCHJCFBK_00031","","","PPENBANP_00023"
"group_81","","hypothetical protein","6","6","1","1","262","1","150","","1058","1058","1058","","GBDOALGK_00033","","APJAMGLI_00053","","","","","","DEFAMCNH_00074","ALGMKNDJ_00033","","NCHJCFBK_00021","","","PPENBANP_00033"
"group_82","","hypothetical protein","6","6","1","1","259","1","147","","767","767","767","","GBDOALGK_00036","","APJAMGLI_00056","","","","","","DEFAMCNH_00077","ALGMKNDJ_00036","","NCHJCFBK_00019","","","PPENBANP_00036"
"group_83","","integrase","6","6","1","1","258","1","146","","1373","1373","1373","","GBDOALGK_00037","","APJAMGLI_00057","","","","","","DEFAMCNH_00078","ALGMKNDJ_00037","","NCHJCFBK_00018","","","PPENBANP_00037"
"group_84","","hypothetical protein","6","6","1","1","257","1","145","","146","146","146","","GBDOALGK_00038","","APJAMGLI_00058","","","","","","DEFAMCNH_00079","ALGMKNDJ_00038","","NCHJCFBK_00017","","","PPENBANP_00038"
"group_85","","hypothetical protein","6","6","1","1","256","1","155","","647","647","647","","GBDOALGK_00039","","APJAMGLI_00059","","","","","","DEFAMCNH_00080","ALGMKNDJ_00039","","NCHJCFBK_00016","","","PPENBANP_00039"
"group_86","","hypothetical protein","6","6","1","1","255","1","156","","1142","1142","1142","","GBDOALGK_00040","","APJAMGLI_00060","","","","","","DEFAMCNH_00081","ALGMKNDJ_00040","","NCHJCFBK_00015","","","PPENBANP_00040"
"group_87","","DNA helicase","6","6","1","1","270","1","157","","1583","1583","1583","","GBDOALGK_00041","","APJAMGLI_00061","","","","","","DEFAMCNH_00082","ALGMKNDJ_00041","","NCHJCFBK_00014","","","PPENBANP_00041"
"group_39","","hypothetical protein","5","5","1","1","261","1","149","","152","182","164","","GBDOALGK_00034","","APJAMGLI_00054","","","","","","DEFAMCNH_00075","ALGMKNDJ_00034","","","","","PPENBANP_00034"
"group_41","","hypothetical protein","5","5","1","1","272","1","159","","230","479","279","","GBDOALGK_00043","","","","","","","","DEFAMCNH_00084","ALGMKNDJ_00043","","NCHJCFBK_00012","","","PPENBANP_00043"
"group_42","","major capsid protein","5","5","1","1","273","1","160","","1178","1337","1209","","GBDOALGK_00044","","","","","","","","DEFAMCNH_00085","ALGMKNDJ_00044","","NCHJCFBK_00011","","","PPENBANP_00044"
"group_78","","hypothetical protein","5","5","1","1","283","1","173","","326","326","326","JMBMBIIH_00033","","","","","","OPBPLNAK_00007","LIBCBMOH_00007","","","","JEAPEHFJ_00006","","","CKOJEDDJ_00007",""
"group_88","","hypothetical protein","5","5","1","1","271","1","158","","644","644","644","","GBDOALGK_00042","","","","","","","","DEFAMCNH_00083","ALGMKNDJ_00042","","NCHJCFBK_00013","","","PPENBANP_00042"
"group_89","","hypothetical protein","5","5","1","1","274","1","161","","209","209","209","","GBDOALGK_00045","","","","","","","","DEFAMCNH_00086","ALGMKNDJ_00045","","NCHJCFBK_00010","","","PPENBANP_00045"
"group_9","","hypothetical protein","5","5","1","1","168","1","273","","320","344","334","","","BGEGJEIL_00061","APJAMGLI_00004","","","","","","DEFAMCNH_00025","","JEAPEHFJ_00055","","","CKOJEDDJ_00051",""
"group_90","","hypothetical protein","5","5","1","1","275","1","162","","662","662","662","","GBDOALGK_00046","","","","","","","","DEFAMCNH_00087","ALGMKNDJ_00046","","NCHJCFBK_00009","","","PPENBANP_00046"
"group_93","","hypothetical protein","5","5","1","1","263","1","168","","389","389","389","","GBDOALGK_00050","","","","","","","","DEFAMCNH_00092","ALGMKNDJ_00050","","NCHJCFBK_00005","","","PPENBANP_00050"
"group_146","","hypothetical protein","4","4","1","1","182","1","247","","416","416","416","","","BGEGJEIL_00074","APJAMGLI_00014","","","","","","DEFAMCNH_00035","","JEAPEHFJ_00042","","","",""
"group_16","","hypothetical protein","4","4","1","1","242","1","129","","218","218","218","JMBMBIIH_00027","","","APJAMGLI_00045","","","","","","DEFAMCNH_00066","","","","","CKOJEDDJ_00013",""
"whiB_1","","Transcriptional regulator WhiB","4","4","1","1","142","1","106","","296","296","296","","","BGEGJEIL_00046","","","","","","","DEFAMCNH_00015","","JEAPEHFJ_00075","","","CKOJEDDJ_00068",""
"group_22","","hypothetical protein","4","4","1","1","178","1","253","","1262","1274","1268","","","BGEGJEIL_00070","APJAMGLI_00010","","","","","","DEFAMCNH_00031","","JEAPEHFJ_00047","","","",""
"group_23","","glycosyltransferase","4","4","1","1","184","1","245","","635","635","635","","","BGEGJEIL_00076","APJAMGLI_00016","","","","","","DEFAMCNH_00037","","JEAPEHFJ_00041","","","",""
"group_25","","lysin A","4","4","1","1","233","1","181","","1397","1475","1424","","","BGEGJEIL_00100","","","","OPBPLNAK_00014","LIBCBMOH_00014","","","","","","","CKOJEDDJ_00016",""
"group_60","","hypothetical protein","4","4","1","1","176","1","255","","137","281","209","","","BGEGJEIL_00069","APJAMGLI_00008","","","","","","DEFAMCNH_00029","","JEAPEHFJ_00048","","","",""
"group_61","","hypothetical protein","4","4","1","1","179","1","252","","818","821","820","","","BGEGJEIL_00071","APJAMGLI_00011","","","","","","DEFAMCNH_00032","","JEAPEHFJ_00046","","","",""
"group_63","","hypothetical protein","4","4","1","1","181","1","248","","245","245","245","","","BGEGJEIL_00073","APJAMGLI_00013","","","","","","DEFAMCNH_00034","","JEAPEHFJ_00043","","","",""
"group_64","","hypothetical protein","4","4","1","1","186","1","244","","284","287","284","","","BGEGJEIL_00077","APJAMGLI_00017","","","","","","DEFAMCNH_00038","","JEAPEHFJ_00039","","","",""
"group_65","","holin","4","4","1","1","245","1","182","","434","440","435","","","BGEGJEIL_00101","","","","OPBPLNAK_00013","LIBCBMOH_00013","","","","","","","CKOJEDDJ_00015",""
"group_76","","hypothetical protein","4","4","1","1","239","1","190","","416","416","416","JMBMBIIH_00024","","","","","","","","PLOJBKHJ_00023","","","JEAPEHFJ_00014","","OCHLMLOL_00023","",""
"group_94","","hypothetical protein","4","4","1","1","266","1","165","","476","476","476","","GBDOALGK_00053","","","","","","","","","ALGMKNDJ_00053","","NCHJCFBK_00002","","","PPENBANP_00053"
"group_95","","hypothetical protein","4","4","1","1","265","1","164","","587","587","587","","GBDOALGK_00054","","","","","","","","","ALGMKNDJ_00054","","NCHJCFBK_00001","","","PPENBANP_00054"
"whiB_2","","Transcriptional regulator WhiB","3","3","1","1","49","1","282","","314","314","314","","","BGEGJEIL_00047","","","","","","","DEFAMCNH_00016","","","","","CKOJEDDJ_00067",""
"group_140","","hypothetical protein","3","3","1","1","169","1","259","","233","236","234","","","BGEGJEIL_00062","APJAMGLI_00005","","","","","","DEFAMCNH_00026","","","","","",""
"group_147","","hypothetical protein","3","3","1","1","183","1","246","","296","296","296","","","BGEGJEIL_00075","APJAMGLI_00015","","","","","","DEFAMCNH_00036","","","","","",""
"group_148","","hypothetical protein","3","3","1","1","187","1","242","","347","347","347","","","BGEGJEIL_00078","APJAMGLI_00018","","","","","","DEFAMCNH_00039","","","","","",""
"group_15","","lysin B","3","3","1","1","244","1","185","","914","968","932","JMBMBIIH_00025","","BGEGJEIL_00102","","","","","","PLOJBKHJ_00022","","","","","","",""
"group_151","","minor tail protein","3","3","1","1","234","1","128","","431","431","431","","","BGEGJEIL_00099","","","","","","","","","JEAPEHFJ_00017","","OCHLMLOL_00026","",""
"group_239","","minor tail protein","3","3","1","1","227","1","222","","836","836","836","","","","","","","OPBPLNAK_00019","LIBCBMOH_00019","","","","","","","CKOJEDDJ_00022",""
"group_24","","hypothetical protein","3","3","1","1","232","1","127","","1397","1397","1397","","","BGEGJEIL_00098","","","","","","","","","JEAPEHFJ_00018","","OCHLMLOL_00027","",""
"group_240","","minor tail protein","3","3","1","1","226","1","221","","1688","1703","1698","","","","","","","OPBPLNAK_00020","LIBCBMOH_00020","","","","","","","CKOJEDDJ_00023",""
"group_241","","minor tail protein","3","3","1","1","225","1","220","","1724","1724","1724","","","","","","","OPBPLNAK_00021","LIBCBMOH_00021","","","","","","","CKOJEDDJ_00024",""
"group_242","","hypothetical protein","3","3","1","1","224","1","219","","4049","4049","4049","","","","","","","OPBPLNAK_00022","LIBCBMOH_00022","","","","","","","CKOJEDDJ_00025",""
"group_243","","hypothetical protein","3","3","1","1","222","1","217","","503","503","503","","","","","","","OPBPLNAK_00024","LIBCBMOH_00024","","","","","","","CKOJEDDJ_00027",""
"group_244","","hypothetical protein","3","3","1","1","221","1","216","","1094","1094","1094","","","","","","","OPBPLNAK_00025","LIBCBMOH_00025","","","","","","","CKOJEDDJ_00028",""
"group_245","","tail terminator","3","3","1","1","220","1","215","","413","413","413","","","","","","","OPBPLNAK_00026","LIBCBMOH_00026","","","","","","","CKOJEDDJ_00029",""
"group_246","","hypothetical protein","3","3","1","1","219","1","214","","365","365","365","","","","","","","OPBPLNAK_00027","LIBCBMOH_00027","","","","","","","CKOJEDDJ_00030",""
"group_247","","hypothetical protein","3","3","1","1","218","1","213","","338","338","338","","","","","","","OPBPLNAK_00028","LIBCBMOH_00028","","","","","","","CKOJEDDJ_00031",""
"group_248","","hypothetical protein","3","3","1","1","216","1","211","","413","413","413","","","","","","","OPBPLNAK_00030","LIBCBMOH_00030","","","","","","","CKOJEDDJ_00033",""
"group_249","","hypothetical protein","3","3","1","1","215","1","210","","230","230","230","","","","","","","OPBPLNAK_00031","LIBCBMOH_00031","","","","","","","CKOJEDDJ_00034",""
"group_250","","major capsid protein","3","3","1","1","214","1","209","","1430","1430","1430","","","","","","","OPBPLNAK_00032","LIBCBMOH_00032","","","","","","","CKOJEDDJ_00036",""
"group_251","","hypothetical protein","3","3","1","1","212","1","207","","926","926","926","","","","","","","OPBPLNAK_00033","LIBCBMOH_00033","","","","","","","CKOJEDDJ_00037",""
"group_252","","portal protein","3","3","1","1","211","1","206","","1460","1460","1460","","","","","","","OPBPLNAK_00034","LIBCBMOH_00034","","","","","","","CKOJEDDJ_00038",""
"group_267","","hypothetical protein","3","3","1","1","247","1","188","","221","221","221","","","","","","","","","PLOJBKHJ_00020","","","JEAPEHFJ_00012","","OCHLMLOL_00021","",""
"group_62","","glycosyltransferase","3","3","1","1","180","1","249","","695","695","695","","","BGEGJEIL_00072","APJAMGLI_00012","","","","","","DEFAMCNH_00033","","","","","",""
"group_66","","hypothetical protein","3","3","1","1","174","1","258","","275","275","275","","","","APJAMGLI_00006","","","","","","DEFAMCNH_00027","","","","","CKOJEDDJ_00049",""
"group_67","","hypothetical protein","3","3","1","1","223","1","218","","371","383","375","","","","","","","OPBPLNAK_00023","LIBCBMOH_00023","","","","","","","CKOJEDDJ_00026",""
"group_68","","hypothetical protein","3","3","1","1","217","1","212","","380","557","439","","","","","","","OPBPLNAK_00029","LIBCBMOH_00029","","","","","","","CKOJEDDJ_00032",""
"group_105","","hypothetical protein","2","2","1","1","96","1","73","","176","176","176","","","BGEGJEIL_00014","","","","","","","","","JEAPEHFJ_00111","","","",""
"group_109","","hypothetical protein","2","2","1","1","102","1","79","","134","134","134","","","BGEGJEIL_00020","","","","","","","","","JEAPEHFJ_00105","","","",""
"group_123","","hypothetical protein","2","2","1","1","120","1","95","","164","164","164","","","BGEGJEIL_00036","","","","","","","DEFAMCNH_00004","","","","","",""
"group_124","","hypothetical protein","2","2","1","1","121","1","97","","365","365","365","","","BGEGJEIL_00037","","","","","","","DEFAMCNH_00006","","","","","",""
"group_125","","hypothetical protein","2","2","1","1","122","1","98","","254","254","254","","","BGEGJEIL_00038","","","","","","","DEFAMCNH_00007","","","","","",""
"group_126","","hypothetical protein","2","2","1","1","123","1","99","","698","698","698","","","BGEGJEIL_00039","","","","","","","DEFAMCNH_00008","","","","","",""
"group_127","","hypothetical protein","2","2","1","1","124","1","100","","236","236","236","","","BGEGJEIL_00040","","","","","","","DEFAMCNH_00009","","","","","",""
"group_128","","hypothetical protein","2","2","1","1","125","1","101","","218","218","218","","","BGEGJEIL_00041","","","","","","","DEFAMCNH_00010","","","","","",""
"group_129","","hypothetical protein","2","2","1","1","126","1","102","","329","329","329","","","BGEGJEIL_00042","","","","","","","DEFAMCNH_00011","","","","","",""
"group_130","","hypothetical protein","2","2","1","1","127","1","103","","119","119","119","","","BGEGJEIL_00043","","","","","","","DEFAMCNH_00012","","","","","",""
"group_131","","hypothetical protein","2","2","1","1","128","1","104","","119","119","119","","","BGEGJEIL_00044","","","","","","","DEFAMCNH_00013","","","","","",""
"group_137","","hypothetical protein","2","2","1","1","43","1","4","","662","662","662","","","BGEGJEIL_00053","","","","","","","","","","","","CKOJEDDJ_00058",""
"group_144","","hypothetical protein","2","2","1","1","23","1","115","","131","131","131","","","BGEGJEIL_00067","","","","","","","","","JEAPEHFJ_00050","","","",""
"group_145","","hypothetical protein","2","2","1","1","21","1","114","","167","167","167","","","BGEGJEIL_00068","","","","","","","","","JEAPEHFJ_00049","","","",""
"group_149","","hypothetical protein","2","2","1","1","18","1","125","","611","611","611","","","BGEGJEIL_00079","","","","","","","","","JEAPEHFJ_00037","","","",""
"group_150","","terminase, large subunit","2","2","1","1","17","1","126","","1649","1649","1649","","","BGEGJEIL_00080","","","","","","","","","JEAPEHFJ_00036","","","",""
"group_156","","hypothetical protein","2","2","1","1","165","1","276","","257","257","257","","","","APJAMGLI_00001","","","","","","DEFAMCNH_00022","","","","","",""
"group_157","","toxin in toxin/antitoxin system, RelE-like","2","2","1","1","166","1","275","","260","260","260","","","","APJAMGLI_00002","","","","","","DEFAMCNH_00023","","","","","",""
"group_158","","hypothetical protein","2","2","1","1","167","1","274","","146","146","146","","","","APJAMGLI_00003","","","","","","DEFAMCNH_00024","","","","","",""
"group_159","","hypothetical protein","2","2","1","1","175","1","256","","332","332","332","","","","APJAMGLI_00007","","","","","","DEFAMCNH_00028","","","","","",""
"group_160","","HNH endonuclease","2","2","1","1","177","1","254","","596","596","596","","","","APJAMGLI_00009","","","","","","DEFAMCNH_00030","","","","","",""
"group_161","","phage integrase","2","2","1","2","39","2","1","","1325","1325","1325","","","","","JMFIOMEH_00001","POGLIKNJ_00001","","","","","","","","","",""
"group_162","","hypothetical protein","2","2","1","2","40","2","2","","440","440","440","","","","","JMFIOMEH_00002","POGLIKNJ_00002","","","","","","","","","",""
"rutD","","Putative aminoacrylate hydrolase RutD","2","2","1","2","41","2","3","","788","788","788","","","","","JMFIOMEH_00003","POGLIKNJ_00003","","","","","","","","","",""
"group_164","","hypothetical protein","2","2","1","2","42","2","4","","713","713","713","","","","","JMFIOMEH_00004","POGLIKNJ_00004","","","","","","","","","",""
"group_165","","hypothetical protein","2","2","1","2","43","2","5","","278","278","278","","","","","JMFIOMEH_00005","POGLIKNJ_00005","","","","","","","","","",""
"group_166","","hypothetical protein","2","2","1","2","44","2","6","","209","209","209","","","","","JMFIOMEH_00006","POGLIKNJ_00006","","","","","","","","","",""
"group_167","","hypothetical protein","2","2","1","2","45","2","7","","371","371","371","","","","","JMFIOMEH_00007","POGLIKNJ_00007","","","","","","","","","",""
"group_168","","hypothetical protein","2","2","1","2","46","2","8","","194","194","194","","","","","JMFIOMEH_00008","POGLIKNJ_00008","","","","","","","","","",""
"group_169","","hypothetical protein","2","2","1","2","47","2","9","","206","206","206","","","","","JMFIOMEH_00009","POGLIKNJ_00009","","","","","","","","","",""
"group_170","","hypothetical protein","2","2","1","2","48","2","10","","332","332","332","","","","","JMFIOMEH_00010","POGLIKNJ_00010","","","","","","","","","",""
"group_171","","hypothetical protein","2","2","1","2","49","2","11","","203","203","203","","","","","JMFIOMEH_00011","POGLIKNJ_00011","","","","","","","","","",""
"group_172","","hypothetical protein","2","2","1","2","50","2","12","","329","329","329","","","","","JMFIOMEH_00012","POGLIKNJ_00012","","","","","","","","","",""
"group_173","","hypothetical protein","2","2","1","2","51","2","13","","167","167","167","","","","","JMFIOMEH_00013","POGLIKNJ_00013","","","","","","","","","",""
"group_174","","RecE-like exonuclease","2","2","1","2","52","2","78","","959","959","959","","","","","JMFIOMEH_00014","POGLIKNJ_00014","","","","","","","","","",""
"group_175","","hypothetical protein","2","2","1","2","53","2","77","","1055","1055","1055","","","","","JMFIOMEH_00015","POGLIKNJ_00015","","","","","","","","","",""
"group_176","","hypothetical protein","2","2","1","2","54","2","76","","239","239","239","","","","","JMFIOMEH_00016","POGLIKNJ_00016","","","","","","","","","",""
"group_177","","hypothetical protein","2","2","1","2","55","2","75","","398","398","398","","","","","JMFIOMEH_00017","POGLIKNJ_00017","","","","","","","","","",""
"group_178","","hypothetical protein","2","2","1","2","56","2","74","","560","560","560","","","","","JMFIOMEH_00018","POGLIKNJ_00018","","","","","","","","","",""
"group_179","","hypothetical protein","2","2","1","2","57","2","73","","407","407","407","","","","","JMFIOMEH_00019","POGLIKNJ_00019","","","","","","","","","",""
"group_180","","hypothetical protein","2","2","1","2","58","2","72","","260","260","260","","","","","JMFIOMEH_00020","POGLIKNJ_00020","","","","","","","","","",""
"group_181","","hypothetical protein","2","2","1","2","59","2","71","","581","581","581","","","","","JMFIOMEH_00021","POGLIKNJ_00021","","","","","","","","","",""
"group_182","","hypothetical protein","2","2","1","2","60","2","70","","395","395","395","","","","","JMFIOMEH_00022","POGLIKNJ_00022","","","","","","","","","",""
"group_183","","DNA methylase","2","2","1","2","61","2","69","","1571","1571","1571","","","","","JMFIOMEH_00023","POGLIKNJ_00023","","","","","","","","","",""
"group_184","","hypothetical protein","2","2","1","2","62","2","68","","209","209","209","","","","","JMFIOMEH_00024","POGLIKNJ_00024","","","","","","","","","",""
"group_185","","hypothetical protein","2","2","1","2","63","2","67","","347","347","347","","","","","JMFIOMEH_00025","POGLIKNJ_00025","","","","","","","","","",""
"group_186","","hypothetical protein","2","2","1","2","64","2","66","","908","908","908","","","","","JMFIOMEH_00026","POGLIKNJ_00026","","","","","","","","","",""
"group_187","","glutaredoxin","2","2","1","2","65","2","65","","257","257","257","","","","","JMFIOMEH_00027","POGLIKNJ_00027","","","","","","","","","",""
"group_188","","hypothetical protein","2","2","1","2","66","2","64","","944","944","944","","","","","JMFIOMEH_00028","POGLIKNJ_00028","","","","","","","","","",""
"group_189","","hypothetical protein","2","2","1","2","67","2","63","","776","776","776","","","","","JMFIOMEH_00029","POGLIKNJ_00029","","","","","","","","","",""
"group_190","","hypothetical protein","2","2","1","2","68","2","62","","365","365","365","","","","","JMFIOMEH_00030","POGLIKNJ_00030","","","","","","","","","",""
"group_191","","hypothetical protein","2","2","1","2","69","2","61","","242","242","242","","","","","JMFIOMEH_00031","POGLIKNJ_00031","","","","","","","","","",""
"group_192","","RuvC-like resolvase","2","2","1","2","70","2","60","","617","617","617","","","","","JMFIOMEH_00032","POGLIKNJ_00032","","","","","","","","","",""
"whiB","","Transcriptional regulator WhiB","2","2","1","2","71","2","59","","338","338","338","","","","","JMFIOMEH_00033","POGLIKNJ_00033","","","","","","","","","",""
"group_194","","DnaJ-like chaperonin","2","2","1","2","72","2","58","","680","680","680","","","","","JMFIOMEH_00034","POGLIKNJ_00034","","","","","","","","","",""
"group_195","","hypothetical protein","2","2","1","2","73","2","57","","194","194","194","","","","","JMFIOMEH_00035","POGLIKNJ_00035","","","","","","","","","",""
"group_196","","hypothetical protein","2","2","1","2","74","2","56","","383","383","383","","","","","JMFIOMEH_00036","POGLIKNJ_00036","","","","","","","","","",""
"group_197","","hypothetical protein","2","2","1","2","75","2","55","","176","176","176","","","","","JMFIOMEH_00037","POGLIKNJ_00037","","","","","","","","","",""
"group_198","","hypothetical protein","2","2","1","2","76","2","54","","164","164","164","","","","","JMFIOMEH_00038","POGLIKNJ_00038","","","","","","","","","",""
"group_199","","hypothetical protein","2","2","1","2","77","2","53","","851","851","851","","","","","JMFIOMEH_00039","POGLIKNJ_00039","","","","","","","","","",""
"group_200","","hypothetical protein","2","2","1","2","78","2","52","","446","446","446","","","","","JMFIOMEH_00040","POGLIKNJ_00040","","","","","","","","","",""
"group_201","","hypothetical protein","2","2","1","2","38","2","51","","215","215","215","","","","","JMFIOMEH_00041","POGLIKNJ_00041","","","","","","","","","",""
"group_202","","hypothetical protein","2","2","1","2","37","2","50","","278","278","278","","","","","JMFIOMEH_00042","POGLIKNJ_00042","","","","","","","","","",""
"group_203","","hypothetical protein","2","2","1","2","36","2","49","","281","281","281","","","","","JMFIOMEH_00043","POGLIKNJ_00043","","","","","","","","","",""
"group_204","","terminase small subunit","2","2","1","2","35","2","48","","452","452","452","","","","","JMFIOMEH_00044","POGLIKNJ_00044","","","","","","","","","",""
"group_205","","terminase large subunit","2","2","1","2","34","2","47","","1673","1673","1673","","","","","JMFIOMEH_00045","POGLIKNJ_00045","","","","","","","","","",""
"group_206","","portal protein","2","2","1","2","33","2","46","","1403","1403","1403","","","","","JMFIOMEH_00046","POGLIKNJ_00046","","","","","","","","","",""
"group_207","","capsid maturation protease","2","2","1","2","32","2","45","","1253","1253","1253","","","","","JMFIOMEH_00047","POGLIKNJ_00047","","","","","","","","","",""
"group_208","","scaffolding protein","2","2","1","2","31","2","44","","452","452","452","","","","","JMFIOMEH_00048","POGLIKNJ_00048","","","","","","","","","",""
"group_209","","major capsid protein","2","2","1","2","30","2","43","","944","944","944","","","","","JMFIOMEH_00049","POGLIKNJ_00049","","","","","","","","","",""
"group_210","","hypothetical protein","2","2","1","2","29","2","42","","422","422","422","","","","","JMFIOMEH_00050","POGLIKNJ_00050","","","","","","","","","",""
"group_211","","head-to-tail connector complex protein","2","2","1","2","28","2","41","","395","395","395","","","","","JMFIOMEH_00051","POGLIKNJ_00051","","","","","","","","","",""
"group_212","","head-to-tail connector protein","2","2","1","2","27","2","40","","686","686","686","","","","","JMFIOMEH_00052","POGLIKNJ_00052","","","","","","","","","",""
"group_213","","head-to-tail connector protein","2","2","1","2","26","2","39","","242","242","242","","","","","JMFIOMEH_00053","POGLIKNJ_00053","","","","","","","","","",""
"group_214","","hypothetical protein","2","2","1","2","25","2","38","","422","422","422","","","","","JMFIOMEH_00054","POGLIKNJ_00054","","","","","","","","","",""
"group_215","","major tail protein","2","2","1","2","24","2","37","","542","542","542","","","","","JMFIOMEH_00055","POGLIKNJ_00055","","","","","","","","","",""
"group_216","","hypothetical protein","2","2","1","2","23","2","36","","287","287","287","","","","","JMFIOMEH_00056","POGLIKNJ_00056","","","","","","","","","",""
"group_217","","tail assembly chaperone","2","2","1","2","22","2","35","","743","743","743","","","","","JMFIOMEH_00057","POGLIKNJ_00057","","","","","","","","","",""
"group_218","","hypothetical protein","2","2","1","2","21","2","34","","299","299","299","","","","","JMFIOMEH_00058","POGLIKNJ_00058","","","","","","","","","",""
"group_219","","hypothetical protein","2","2","1","2","20","2","33","","170","170","170","","","","","JMFIOMEH_00059","POGLIKNJ_00059","","","","","","","","","",""
"group_220","","tape measure protein","2","2","1","2","19","2","32","","3737","3737","3737","","","","","JMFIOMEH_00060","POGLIKNJ_00060","","","","","","","","","",""
"group_221","","minor tail protein","2","2","1","2","18","2","31","","1106","1106","1106","","","","","JMFIOMEH_00061","POGLIKNJ_00061","","","","","","","","","",""
"group_222","","minor tail protein","2","2","1","2","17","2","30","","1718","1718","1718","","","","","JMFIOMEH_00062","POGLIKNJ_00062","","","","","","","","","",""
"group_223","","hypothetical protein","2","2","1","2","16","2","29","","554","554","554","","","","","JMFIOMEH_00063","POGLIKNJ_00063","","","","","","","","","",""
"group_224","","minor tail protein","2","2","1","2","15","2","28","","1106","1106","1106","","","","","JMFIOMEH_00064","POGLIKNJ_00064","","","","","","","","","",""
"group_225","","hypothetical protein","2","2","1","2","14","2","27","","2126","2126","2126","","","","","JMFIOMEH_00065","POGLIKNJ_00065","","","","","","","","","",""
"group_226","","hypothetical protein","2","2","1","2","13","2","26","","1739","1739","1739","","","","","JMFIOMEH_00066","POGLIKNJ_00066","","","","","","","","","",""
"group_227","","hypothetical protein","2","2","1","2","12","2","25","","407","407","407","","","","","JMFIOMEH_00067","POGLIKNJ_00067","","","","","","","","","",""
"group_228","","hypothetical protein","2","2","1","2","11","2","24","","146","146","146","","","","","JMFIOMEH_00068","POGLIKNJ_00068","","","","","","","","","",""
"group_229","","hypothetical protein","2","2","1","2","10","2","23","","263","263","263","","","","","JMFIOMEH_00069","POGLIKNJ_00069","","","","","","","","","",""
"group_230","","lysin A","2","2","1","2","9","2","22","","1499","1499","1499","","","","","JMFIOMEH_00070","POGLIKNJ_00070","","","","","","","","","",""
"group_231","","lysin B","2","2","1","2","8","2","21","","1166","1166","1166","","","","","JMFIOMEH_00071","POGLIKNJ_00071","","","","","","","","","",""
"group_232","","hypothetical protein","2","2","1","2","7","2","20","","239","239","239","","","","","JMFIOMEH_00072","POGLIKNJ_00072","","","","","","","","","",""
"group_233","","hypothetical protein","2","2","1","2","6","2","19","","353","353","353","","","","","JMFIOMEH_00073","POGLIKNJ_00073","","","","","","","","","",""
"group_234","","hypothetical protein","2","2","1","2","5","2","18","","548","548","548","","","","","JMFIOMEH_00074","POGLIKNJ_00074","","","","","","","","","",""
"group_235","","hypothetical protein","2","2","1","2","4","2","17","","224","224","224","","","","","JMFIOMEH_00075","POGLIKNJ_00075","","","","","","","","","",""
"group_236","","hypothetical protein","2","2","1","2","3","2","16","","734","734","734","","","","","JMFIOMEH_00076","POGLIKNJ_00076","","","","","","","","","",""
"group_237","","hypothetical protein","2","2","1","2","2","2","15","","1853","1853","1853","","","","","JMFIOMEH_00077","POGLIKNJ_00077","","","","","","","","","",""
"group_238","","hypothetical protein","2","2","1","2","1","2","14","","311","311","311","","","","","JMFIOMEH_00078","POGLIKNJ_00078","","","","","","","","","",""
"group_253","","hypothetical protein","2","2","1","1","1","1","132","","491","491","491","","","","","","","","","PLOJBKHJ_00001","","","","","OCHLMLOL_00001","",""
"group_254","","hypothetical protein","2","2","1","1","2","1","133","","107","107","107","","","","","","","","","PLOJBKHJ_00002","","","","","OCHLMLOL_00002","",""
"group_255","","hypothetical protein","2","2","1","1","3","1","134","","575","575","575","","","","","","","","","PLOJBKHJ_00003","","","","","OCHLMLOL_00003","",""
"group_256","","hypothetical protein","2","2","1","1","4","1","135","","1025","1025","1025","","","","","","","","","PLOJBKHJ_00004","","","","","OCHLMLOL_00004","",""
"group_257","","hypothetical protein","2","2","1","1","5","1","136","","899","899","899","","","","","","","","","PLOJBKHJ_00005","","","","","OCHLMLOL_00005","",""
"group_258","","hypothetical protein","2","2","1","1","6","1","137","","3650","3650","3650","","","","","","","","","PLOJBKHJ_00006","","","","","OCHLMLOL_00006","",""
"group_259","","PinR","2","2","1","1","7","1","138","","614","614","614","","","","","","","","","PLOJBKHJ_00007","","","","","OCHLMLOL_00007","",""
"group_260","","hypothetical protein","2","2","1","1","8","1","139","","662","662","662","","","","","","","","","PLOJBKHJ_00008","","","","","OCHLMLOL_00008","",""
"group_261","","hypothetical protein","2","2","1","1","9","1","140","","386","386","386","","","","","","","","","PLOJBKHJ_00009","","","","","OCHLMLOL_00009","",""
"group_262","","hypothetical protein","2","2","1","1","10","1","141","","368","368","368","","","","","","","","","PLOJBKHJ_00010","","","","","OCHLMLOL_00010","",""
"group_263","","hypothetical protein","2","2","1","1","287","1","142","","362","362","362","","","","","","","","","PLOJBKHJ_00011","","","","","OCHLMLOL_00011","",""
"group_264","","phage integrase","2","2","1","1","286","1","143","","1169","1169","1169","","","","","","","","","PLOJBKHJ_00012","","","","","OCHLMLOL_00012","",""
"group_265","","hypothetical protein","2","2","1","1","285","1","144","","221","221","221","","","","","","","","","PLOJBKHJ_00014","","","","","OCHLMLOL_00014","",""
"group_279","","HNH endonuclease domain protein","2","2","1","1","249","1","131","","647","647","647","","","","","","","","","","","","JEAPEHFJ_00010","","OCHLMLOL_00019","",""
"group_280","","lysin A","2","2","1","1","236","1","191","","1403","1409","1406","","","","","","","","","","","","JEAPEHFJ_00015","","OCHLMLOL_00024","",""
"group_44","","hypothetical protein","2","2","1","1","75","1","53","","773","773","773","","","BGEGJEIL_00002","","","","","","","","","JEAPEHFJ_00125","","","",""
"group_45","","hypothetical protein","2","2","1","1","86","1","56","","1022","1022","1022","","","BGEGJEIL_00005","","","","","","","","","JEAPEHFJ_00122","","","",""
"group_46","","hypothetical protein","2","2","1","1","91","1","67","","308","308","308","","","BGEGJEIL_00010","","","","","","","","","JEAPEHFJ_00115","","","",""
"group_47","","hypothetical protein","2","2","1","1","94","1","68","","284","284","284","","","BGEGJEIL_00012","","","","","","","","","JEAPEHFJ_00114","","","",""
"group_48","","hypothetical protein","2","2","1","1","100","1","77","","197","197","197","","","BGEGJEIL_00018","","","","","","","","","JEAPEHFJ_00107","","","",""
"group_49","","hypothetical protein","2","2","1","1","101","1","78","","143","143","143","","","BGEGJEIL_00019","","","","","","","","","JEAPEHFJ_00106","","","",""
"group_50","","hypothetical protein","2","2","1","1","104","1","81","","128","128","128","","","BGEGJEIL_00022","","","","","","","","","JEAPEHFJ_00103","","","",""
"group_51","","hypothetical protein","2","2","1","1","117","1","92","","269","353","311","","","BGEGJEIL_00033","","","","","","","DEFAMCNH_00001","","","","","",""
"group_52","","hypothetical protein","2","2","1","1","129","1","105","","176","182","179","","","BGEGJEIL_00045","","","","","","","DEFAMCNH_00014","","","","","",""
"group_53","","hypothetical protein","2","2","1","1","47","1","284","","194","194","194","","","BGEGJEIL_00049","","","","","","","","","","","","CKOJEDDJ_00062",""
"group_54","","hypothetical protein","2","2","1","1","41","1","2","","200","200","200","","","BGEGJEIL_00055","","","","","","","","","","","","CKOJEDDJ_00057",""
"group_55","","hypothetical protein","2","2","1","1","149","1","1","","278","278","278","","","BGEGJEIL_00056","","","","","","","","","","","","CKOJEDDJ_00056",""
"group_56","","hypothetical protein","2","2","1","1","150","1","263","","452","452","452","","","BGEGJEIL_00057","","","","","","","","","","","","CKOJEDDJ_00055",""
"group_57","","hypothetical protein","2","2","1","1","151","1","264","","308","386","347","","","BGEGJEIL_00058","","","","","","","","","","","","CKOJEDDJ_00054",""
"group_58","","hypothetical protein","2","2","1","1","152","1","268","","284","284","284","","","BGEGJEIL_00059","","","","","","","","","JEAPEHFJ_00060","","","",""
"group_59","","hypothetical protein","2","2","1","1","27","1","116","","371","371","371","","","BGEGJEIL_00066","","","","","","","","","JEAPEHFJ_00051","","","",""
"group_69","","hypothetical protein","2","2","1","1","162","1","279","","221","221","221","","","","","","","","","","DEFAMCNH_00019","","JEAPEHFJ_00070","","","",""
"group_70","","hypothetical protein","2","2","1","1","145","1","109","","176","176","176","","","","","","","","","","","","JEAPEHFJ_00072","","","CKOJEDDJ_00063",""
"group_100","","hypothetical protein","1","1","1","1","88","1","58","","446","446","446","","","BGEGJEIL_00007","","","","","","","","","","","","",""
"group_101","","CRO protein","1","1","1","1","89","1","59","","236","236","236","","","BGEGJEIL_00008","","","","","","","","","","","","",""
"group_102","","hypothetical protein","1","1","1","1","90","1","60","","299","299","299","","","BGEGJEIL_00009","","","","","","","","","","","","",""
"group_103","","hypothetical protein","1","1","1","1","73","1","49","","227","227","227","","","BGEGJEIL_00011","","","","","","","","","","","","",""
"group_104","","hypothetical protein","1","1","1","1","95","1","69","","152","152","152","","","BGEGJEIL_00013","","","","","","","","","","","","",""
"group_106","","hypothetical protein","1","1","1","1","72","1","70","","239","239","239","","","BGEGJEIL_00015","","","","","","","","","","","","",""
"group_107","","hypothetical protein","1","1","1","1","71","1","47","","269","269","269","","","BGEGJEIL_00016","","","","","","","","","","","","",""
"group_108","","hypothetical protein","1","1","1","1","70","1","48","","278","278","278","","","BGEGJEIL_00017","","","","","","","","","","","","",""
"group_110","","hypothetical protein","1","1","1","1","69","1","41","","842","842","842","","","BGEGJEIL_00021","","","","","","","","","","","","",""
"group_111","","hypothetical protein","1","1","1","1","105","1","82","","479","479","479","","","BGEGJEIL_00023","","","","","","","","","","","","",""
"group_112","","AAA-ATPase","1","1","1","1","106","1","83","","890","890","890","","","BGEGJEIL_00024","","","","","","","","","","","","",""
"group_113","","hypothetical protein","1","1","1","1","107","1","84","","425","425","425","","","BGEGJEIL_00025","","","","","","","","","","","","",""
"group_114","","helix-turn-helix DNA binding domain protein","1","1","1","1","108","1","85","","710","710","710","","","BGEGJEIL_00026","","","","","","","","","","","","",""
"group_115","","hypothetical protein","1","1","1","1","109","1","86","","761","761","761","","","BGEGJEIL_00027","","","","","","","","","","","","",""
"group_116","","hypothetical protein","1","1","1","1","110","1","87","","149","149","149","","","BGEGJEIL_00028","","","","","","","","","","","","",""
"group_117","","hypothetical protein","1","1","1","1","111","1","88","","380","380","380","","","BGEGJEIL_00029","","","","","","","","","","","","",""
"group_118","","hypothetical protein","1","1","1","1","112","1","89","","287","287","287","","","BGEGJEIL_00030","","","","","","","","","","","","",""
"group_119","","hypothetical protein","1","1","1","1","113","1","90","","155","155","155","","","BGEGJEIL_00031","","","","","","","","","","","","",""
"group_120","","hypothetical protein","1","1","1","1","114","1","91","","818","818","818","","","BGEGJEIL_00032","","","","","","","","","","","","",""
"group_121","","hypothetical protein","1","1","1","1","116","1","40","","287","287","287","","","BGEGJEIL_00034","","","","","","","","","","","","",""
"group_122","","hypothetical protein","1","1","1","1","115","1","39","","380","380","380","","","BGEGJEIL_00035","","","","","","","","","","","","",""
"group_133","","hypothetical protein","1","1","1","1","48","1","283","","176","176","176","","","BGEGJEIL_00048","","","","","","","","","","","","",""
"group_134","","hypothetical protein","1","1","1","1","46","1","7","","242","242","242","","","BGEGJEIL_00050","","","","","","","","","","","","",""
"group_135","","hypothetical protein","1","1","1","1","45","1","6","","161","161","161","","","BGEGJEIL_00051","","","","","","","","","","","","",""
"group_136","","hypothetical protein","1","1","1","1","44","1","5","","281","281","281","","","BGEGJEIL_00052","","","","","","","","","","","","",""
"group_138","","nucleotidyltransferase","1","1","1","1","42","1","3","","785","785","785","","","BGEGJEIL_00054","","","","","","","","","","","","",""
"group_139","","hypothetical protein","1","1","1","1","31","1","261","","317","317","317","","","BGEGJEIL_00060","","","","","","","","","","","","",""
"group_141","","hypothetical protein","1","1","1","1","30","1","119","","218","218","218","","","BGEGJEIL_00063","","","","","","","","","","","","",""
"group_142","","hypothetical protein","1","1","1","1","29","1","118","","191","191","191","","","BGEGJEIL_00064","","","","","","","","","","","","",""
"group_143","","hypothetical protein","1","1","1","1","28","1","117","","116","116","116","","","BGEGJEIL_00065","","","","","","","","","","","","",""
"group_152","","hypothetical protein","1","1","1","1","240","1","186","","242","242","242","","","BGEGJEIL_00103","","","","","","","","","","","","",""
"group_153","","hypothetical protein","1","1","1","1","280","1","153","","239","239","239","","","BGEGJEIL_00108","","","","","","","","","","","","",""
"group_154","","hypothetical protein","1","1","1","1","279","1","152","","1175","1175","1175","","","BGEGJEIL_00109","","","","","","","","","","","","",""
"group_155","","hypothetical protein","1","1","1","1","278","1","151","","272","272","272","","","BGEGJEIL_00110","","","","","","","","","","","","",""
"group_266","","nuclease","1","1","1","1","11","1","178","","1139","1139","1139","","","","","","","","","PLOJBKHJ_00019","","","","","","",""
"group_268","","putative nuclease","1","1","1","1","12","1","183","","689","689","689","","","","","","","","","PLOJBKHJ_00021","","","","","","",""
"group_269","","hypothetical protein","1","1","1","1","229","1","197","","416","416","416","","","","","","","","","PLOJBKHJ_00026","","","","","","",""
"group_270","","hypothetical protein","1","1","1","1","230","1","198","","1331","1331","1331","","","","","","","","","PLOJBKHJ_00027","","","","","","",""
"group_271","","hypothetical protein","1","1","1","1","118","1","93","","287","287","287","","","","","","","","","","DEFAMCNH_00002","","","","","",""
"group_272","","hypothetical protein","1","1","1","1","119","1","94","","344","344","344","","","","","","","","","","DEFAMCNH_00003","","","","","",""
"group_273","","hypothetical protein","1","1","1","1","53","1","96","","326","326","326","","","","","","","","","","DEFAMCNH_00005","","","","","",""
"group_274","","hypothetical protein","1","1","1","1","50","1","281","","323","323","323","","","","","","","","","","DEFAMCNH_00017","","","","","",""
"group_275","","hypothetical protein","1","1","1","1","51","1","280","","269","269","269","","","","","","","","","","DEFAMCNH_00018","","","","","",""
"group_276","","hypothetical protein","1","1","1","1","163","1","278","","266","266","266","","","","","","","","","","DEFAMCNH_00020","","","","","",""
"group_277","","hypothetical protein","1","1","1","1","164","1","277","","677","677","677","","","","","","","","","","DEFAMCNH_00021","","","","","",""
"group_278","","hypothetical protein","1","1","1","1","276","1","163","","272","272","272","","","","","","","","","","DEFAMCNH_00088","","","","","",""
"group_281","","hypothetical protein","1","1","1","1","16","1","124","","290","290","290","","","","","","","","","","","","JEAPEHFJ_00038","","","",""
"group_282","","hypothetical protein","1","1","1","1","185","1","243","","128","128","128","","","","","","","","","","","","JEAPEHFJ_00040","","","",""
"group_283","","hypothetical protein","1","1","1","1","19","1","250","","710","710","710","","","","","","","","","","","","JEAPEHFJ_00044","","","",""
"group_284","","hypothetical protein","1","1","1","1","20","1","251","","683","683","683","","","","","","","","","","","","JEAPEHFJ_00045","","","",""
"group_285","","hypothetical protein","1","1","1","1","26","1","113","","116","116","116","","","","","","","","","","","","JEAPEHFJ_00052","","","",""
"group_286","","hypothetical protein","1","1","1","1","25","1","112","","257","257","257","","","","","","","","","","","","JEAPEHFJ_00053","","","",""
"group_287","","hypothetical protein","1","1","1","1","24","1","111","","293","293","293","","","","","","","","","","","","JEAPEHFJ_00054","","","",""
"group_288","","hypothetical protein","1","1","1","1","35","1","272","","221","221","221","","","","","","","","","","","","JEAPEHFJ_00056","","","",""
"group_289","","hypothetical protein","1","1","1","1","34","1","271","","197","197","197","","","","","","","","","","","","JEAPEHFJ_00057","","","",""
"group_290","","hypothetical protein","1","1","1","1","33","1","270","","236","236","236","","","","","","","","","","","","JEAPEHFJ_00058","","","",""
"group_291","","hypothetical protein","1","1","1","1","32","1","269","","236","236","236","","","","","","","","","","","","JEAPEHFJ_00059","","","",""
"group_292","","hypothetical protein","1","1","1","1","153","1","267","","113","113","113","","","","","","","","","","","","JEAPEHFJ_00061","","","",""
"group_293","","hypothetical protein","1","1","1","1","154","1","266","","149","149","149","","","","","","","","","","","","JEAPEHFJ_00062","","","",""
"group_294","","similar to bacteriophage transcription regulators and bacterial plasmid copy control proteins","1","1","1","1","155","1","265","","287","287","287","","","","","","","","","","","","JEAPEHFJ_00063","","","",""
"group_295","","hypothetical protein","1","1","1","1","156","1","8","","170","170","170","","","","","","","","","","","","JEAPEHFJ_00064","","","",""
"group_296","","toxin","1","1","1","1","157","1","9","","281","281","281","","","","","","","","","","","","JEAPEHFJ_00065","","","",""
"group_297","","hypothetical protein","1","1","1","1","158","1","10","","338","338","338","","","","","","","","","","","","JEAPEHFJ_00066","","","",""
"group_298","","hypothetical protein","1","1","1","1","159","1","11","","674","674","674","","","","","","","","","","","","JEAPEHFJ_00067","","","",""
"group_299","","hypothetical protein","1","1","1","1","160","1","12","","317","317","317","","","","","","","","","","","","JEAPEHFJ_00068","","","",""
"group_300","","hypothetical protein","1","1","1","1","161","1","13","","104","104","104","","","","","","","","","","","","JEAPEHFJ_00069","","","",""
"group_301","","hypothetical protein","1","1","1","1","146","1","110","","311","311","311","","","","","","","","","","","","JEAPEHFJ_00071","","","",""
"group_302","","hypothetical protein","1","1","1","1","144","1","108","","191","191","191","","","","","","","","","","","","JEAPEHFJ_00073","","","",""
"group_303","whiB_1","Transcriptional regulator WhiB","1","1","1","1","143","1","107","","287","287","287","","","","","","","","","","","","JEAPEHFJ_00074","","","",""
"group_304","","hypothetical protein","1","1","1","1","141","1","38","","188","188","188","","","","","","","","","","","","JEAPEHFJ_00076","","","",""
"group_305","","hypothetical protein","1","1","1","1","140","1","37","","236","236","236","","","","","","","","","","","","JEAPEHFJ_00077","","","",""
"group_306","","hypothetical protein","1","1","1","1","139","1","36","","182","182","182","","","","","","","","","","","","JEAPEHFJ_00078","","","",""
"group_307","","hypothetical protein","1","1","1","1","138","1","35","","569","569","569","","","","","","","","","","","","JEAPEHFJ_00079","","","",""
"group_308","","hypothetical protein","1","1","1","1","137","1","34","","206","206","206","","","","","","","","","","","","JEAPEHFJ_00080","","","",""
"group_309","","hypothetical protein","1","1","1","1","136","1","33","","188","188","188","","","","","","","","","","","","JEAPEHFJ_00081","","","",""
"group_310","","hypothetical protein","1","1","1","1","135","1","32","","329","329","329","","","","","","","","","","","","JEAPEHFJ_00082","","","",""
"group_311","","hypothetical protein","1","1","1","1","134","1","31","","245","245","245","","","","","","","","","","","","JEAPEHFJ_00083","","","",""
"group_312","","hypothetical protein","1","1","1","1","133","1","30","","101","101","101","","","","","","","","","","","","JEAPEHFJ_00084","","","",""
"group_313","","hypothetical protein","1","1","1","1","132","1","29","","257","257","257","","","","","","","","","","","","JEAPEHFJ_00085","","","",""
"group_314","","hypothetical protein","1","1","1","1","131","1","28","","224","224","224","","","","","","","","","","","","JEAPEHFJ_00086","","","",""
"group_315","","hypothetical protein","1","1","1","1","130","1","27","","350","350","350","","","","","","","","","","","","JEAPEHFJ_00087","","","",""
"group_316","","hypothetical protein","1","1","1","1","54","1","26","","176","176","176","","","","","","","","","","","","JEAPEHFJ_00088","","","",""
"group_317","","hypothetical protein","1","1","1","1","55","1","25","","344","344","344","","","","","","","","","","","","JEAPEHFJ_00089","","","",""
"group_318","","hypothetical protein","1","1","1","1","56","1","24","","281","281","281","","","","","","","","","","","","JEAPEHFJ_00090","","","",""
"group_319","","hypothetical protein","1","1","1","1","57","1","23","","911","911","911","","","","","","","","","","","","JEAPEHFJ_00091","","","",""
"group_320","","hypothetical protein","1","1","1","1","58","1","22","","233","233","233","","","","","","","","","","","","JEAPEHFJ_00092","","","",""
"group_321","","hypothetical protein","1","1","1","1","59","1","21","","152","152","152","","","","","","","","","","","","JEAPEHFJ_00093","","","",""
"group_322","","hypothetical protein","1","1","1","1","60","1","20","","335","335","335","","","","","","","","","","","","JEAPEHFJ_00094","","","",""
"group_323","","phosphatase","1","1","1","1","61","1","19","","569","569","569","","","","","","","","","","","","JEAPEHFJ_00095","","","",""
"group_324","","hypothetical protein","1","1","1","1","62","1","18","","416","416","416","","","","","","","","","","","","JEAPEHFJ_00096","","","",""
"group_325","","HNH endonuclease","1","1","1","1","63","1","17","","356","356","356","","","","","","","","","","","","JEAPEHFJ_00097","","","",""
"group_326","","hypothetical protein","1","1","1","1","64","1","42","","206","206","206","","","","","","","","","","","","JEAPEHFJ_00098","","","",""
"group_327","","DNA binding protein","1","1","1","1","65","1","43","","179","179","179","","","","","","","","","","","","JEAPEHFJ_00099","","","",""
"group_328","","DNA methylase","1","1","1","1","66","1","44","","632","632","632","","","","","","","","","","","","JEAPEHFJ_00100","","","",""
"group_329","","hypothetical protein","1","1","1","1","67","1","45","","638","638","638","","","","","","","","","","","","JEAPEHFJ_00101","","","",""
"group_330","","hypothetical protein","1","1","1","1","68","1","46","","497","497","497","","","","","","","","","","","","JEAPEHFJ_00102","","","",""
"group_331","","hypothetical protein","1","1","1","1","103","1","80","","944","944","944","","","","","","","","","","","","JEAPEHFJ_00104","","","",""
"group_332","","hypothetical protein","1","1","1","1","99","1","76","","194","194","194","","","","","","","","","","","","JEAPEHFJ_00108","","","",""
"group_333","","hypothetical protein","1","1","1","1","98","1","75","","182","182","182","","","","","","","","","","","","JEAPEHFJ_00109","","","",""
"group_334","","hypothetical protein","1","1","1","1","97","1","74","","230","230","230","","","","","","","","","","","","JEAPEHFJ_00110","","","",""
"group_335","","hypothetical protein","1","1","1","1","92","1","72","","152","152","152","","","","","","","","","","","","JEAPEHFJ_00112","","","",""
"group_336","","hypothetical protein","1","1","1","1","93","1","71","","272","272","272","","","","","","","","","","","","JEAPEHFJ_00113","","","",""
"group_337","","hypothetical protein","1","1","1","1","78","1","66","","332","332","332","","","","","","","","","","","","JEAPEHFJ_00116","","","",""
"group_338","","hypothetical protein","1","1","1","1","79","1","65","","191","191","191","","","","","","","","","","","","JEAPEHFJ_00117","","","",""
"group_339","","ParB-like domain protein","1","1","1","1","80","1","64","","797","797","797","","","","","","","","","","","","JEAPEHFJ_00118","","","",""
"group_340","","helix-turn-helix DNA binding domain protein","1","1","1","1","81","1","63","","320","320","320","","","","","","","","","","","","JEAPEHFJ_00119","","","",""
"group_341","","hypothetical protein","1","1","1","1","82","1","62","","437","437","437","","","","","","","","","","","","JEAPEHFJ_00120","","","",""
"group_342","","hypothetical protein","1","1","1","1","83","1","61","","728","728","728","","","","","","","","","","","","JEAPEHFJ_00121","","","",""
"group_343","","hypothetical protein","1","1","1","1","85","1","51","","212","212","212","","","","","","","","","","","","JEAPEHFJ_00123","","","",""
"group_344","","hypothetical protein","1","1","1","1","84","1","50","","167","167","167","","","","","","","","","","","","JEAPEHFJ_00124","","","",""
"group_345","","hypothetical protein","1","1","1","1","252","1","179","","227","227","227","","","","","","","","","","","","","","","CKOJEDDJ_00010",""
"group_346","","hypothetical protein","1","1","1","1","213","1","208","","506","506","506","","","","","","","","","","","","","","","CKOJEDDJ_00035",""
"group_347","","hypothetical protein","1","1","1","1","210","1","205","","176","176","176","","","","","","","","","","","","","","","CKOJEDDJ_00039",""
"group_348","","terminase","1","1","1","1","209","1","204","","1457","1457","1457","","","","","","","","","","","","","","","CKOJEDDJ_00040",""
"group_349","","hypothetical protein","1","1","1","1","208","1","203","","356","356","356","","","","","","","","","","","","","","","CKOJEDDJ_00041",""
"group_350","","hypothetical protein","1","1","1","1","207","1","202","","275","275","275","","","","","","","","","","","","","","","CKOJEDDJ_00042",""
"group_351","","hypothetical protein","1","1","1","1","206","1","201","","248","248","248","","","","","","","","","","","","","","","CKOJEDDJ_00043",""
"group_352","","hypothetical protein","1","1","1","1","205","1","200","","299","299","299","","","","","","","","","","","","","","","CKOJEDDJ_00044",""
"group_353","","hypothetical protein","1","1","1","1","170","1","120","","404","404","404","","","","","","","","","","","","","","","CKOJEDDJ_00045",""
"group_354","","hypothetical protein","1","1","1","1","171","1","121","","188","188","188","","","","","","","","","","","","","","","CKOJEDDJ_00046",""
"group_355","","hypothetical protein","1","1","1","1","172","1","122","","224","224","224","","","","","","","","","","","","","","","CKOJEDDJ_00047",""
"group_356","","hypothetical protein","1","1","1","1","173","1","123","","143","143","143","","","","","","","","","","","","","","","CKOJEDDJ_00048",""
"group_357","","hypothetical protein","1","1","1","1","22","1","257","","308","308","308","","","","","","","","","","","","","","","CKOJEDDJ_00050",""
"group_358","","hypothetical protein","1","1","1","1","147","1","260","","329","329","329","","","","","","","","","","","","","","","CKOJEDDJ_00052",""
"group_359","","hypothetical protein","1","1","1","1","148","1","262","","299","299","299","","","","","","","","","","","","","","","CKOJEDDJ_00053",""
"group_360","","hypothetical protein","1","1","1","1","40","1","286","","194","194","194","","","","","","","","","","","","","","","CKOJEDDJ_00059",""
"group_361","","hypothetical protein","1","1","1","1","39","1","287","","290","290","290","","","","","","","","","","","","","","","CKOJEDDJ_00060",""
"group_362","","hypothetical protein","1","1","1","1","38","1","285","","212","212","212","","","","","","","","","","","","","","","CKOJEDDJ_00061",""
"group_363","","hypothetical protein","1","1","1","1","52","1","16","","305","305","305","","","","","","","","","","","","","","","CKOJEDDJ_00064",""
"group_364","","hypothetical protein","1","1","1","1","36","1","15","","125","125","125","","","","","","","","","","","","","","","CKOJEDDJ_00065",""
"group_365","","hypothetical protein","1","1","1","1","37","1","14","","197","197","197","","","","","","","","","","","","","","","CKOJEDDJ_00066",""
"group_73","","tail assembly chaperone","1","1","1","1","15","1","231","","263","263","263","JMBMBIIH_00011","","","","","","","","","","","","","","",""
"group_77","","HNH endonuclease","1","1","1","1","243","1","184","","521","521","521","JMBMBIIH_00026","","","","","","","","","","","","","","",""
"group_96","","integrase","1","1","1","1","74","1","52","","1106","1106","1106","","","BGEGJEIL_00001","","","","","","","","","","","","",""
"group_97","","hypothetical protein","1","1","1","1","76","1","54","","239","239","239","","","BGEGJEIL_00003","","","","","","","","","","","","",""
"group_98","","hypothetical protein","1","1","1","1","77","1","55","","377","377","377","","","BGEGJEIL_00004","","","","","","","","","","","","",""
"group_99","","membrane protein","1","1","1","1","87","1","57","","731","731","731","","","BGEGJEIL_00006","","","","","","","","","","","","",""
